ISO-10303-21;
HEADER;
/* Generated by software containing ST-Developer
 * from STEP Tools, Inc. (www.steptools.com) 
 */

FILE_DESCRIPTION(
/* description */ (''),
/* implementation_level */ '2;1');

FILE_NAME(
/* name */ 'nozzlemount.stp',
/* time_stamp */ '2024-11-17T16:53:46-08:00',
/* author */ ('Eric'),
/* organization */ (''),
/* preprocessor_version */ 'ST-DEVELOPER v20',
/* originating_system */ 'Autodesk Inventor 2025',
/* authorisation */ '');

FILE_SCHEMA (('AUTOMOTIVE_DESIGN { 1 0 10303 214 3 1 1 }'));
ENDSEC;

DATA;
#10=MECHANICAL_DESIGN_GEOMETRIC_PRESENTATION_REPRESENTATION('',(#16),#2670);
#11=GEOMETRICALLY_BOUNDED_WIREFRAME_SHAPE_REPRESENTATION('',(#12),#2669);
#12=GEOMETRIC_CURVE_SET('Sketch8',(#2666));
#13=SHAPE_REPRESENTATION_RELATIONSHIP('SRR','None',#2677,#15);
#14=SHAPE_REPRESENTATION_RELATIONSHIP('SRR','None',#2677,#11);
#15=ADVANCED_BREP_SHAPE_REPRESENTATION('',(#17),#2669);
#16=STYLED_ITEM('',(#2686),#17);
#17=MANIFOLD_SOLID_BREP('Solid1',#1522);
#18=(
BOUNDED_SURFACE()
B_SPLINE_SURFACE(2,2,((#2347,#2348,#2349),(#2350,#2351,#2352),(#2353,#2354,
#2355)),.UNSPECIFIED.,.F.,.F.,.F.)
B_SPLINE_SURFACE_WITH_KNOTS((3,3),(3,3),(-1.5707963267949,0.),(-0.896055384571345,
0.),.UNSPECIFIED.)
GEOMETRIC_REPRESENTATION_ITEM()
RATIONAL_B_SPLINE_SURFACE(((1.,0.901303236306856,1.),(0.70710678118655,
0.637317630297961,0.70710678118655),(1.,0.901303236306856,1.)))
REPRESENTATION_ITEM('')
SURFACE()
);
#19=(
BOUNDED_SURFACE()
B_SPLINE_SURFACE(2,2,((#2403,#2404,#2405),(#2406,#2407,#2408),(#2409,#2410,
#2411)),.UNSPECIFIED.,.F.,.F.,.F.)
B_SPLINE_SURFACE_WITH_KNOTS((3,3),(3,3),(-1.5707963267949,0.),(-3.14159265358979,
-2.24553726901845),.UNSPECIFIED.)
GEOMETRIC_REPRESENTATION_ITEM()
RATIONAL_B_SPLINE_SURFACE(((1.,0.901303236306856,1.),(0.70710678118655,
0.637317630297961,0.70710678118655),(1.,0.901303236306856,1.)))
REPRESENTATION_ITEM('')
SURFACE()
);
#20=TOROIDAL_SURFACE('',#1564,5.5,0.5);
#21=TOROIDAL_SURFACE('',#1570,4.5,0.5);
#22=TOROIDAL_SURFACE('',#1576,4.5,0.5);
#23=TOROIDAL_SURFACE('',#1582,4.5,0.5);
#24=TOROIDAL_SURFACE('',#1593,4.5,0.5);
#25=TOROIDAL_SURFACE('',#1599,3.5,0.5);
#26=TOROIDAL_SURFACE('',#1605,4.5,0.5);
#27=TOROIDAL_SURFACE('',#1626,3.5,0.5);
#28=TOROIDAL_SURFACE('',#1632,5.5,0.5);
#29=TOROIDAL_SURFACE('',#1637,5.5,0.5);
#30=TOROIDAL_SURFACE('',#1642,4.5,0.5);
#31=TOROIDAL_SURFACE('',#1648,4.5,0.5);
#32=TOROIDAL_SURFACE('',#1654,4.5,0.5);
#33=TOROIDAL_SURFACE('',#1660,5.5,0.5);
#34=TOROIDAL_SURFACE('',#1666,5.5,0.5);
#35=TOROIDAL_SURFACE('',#1671,5.5,0.5);
#36=CYLINDRICAL_SURFACE('',#1561,0.5);
#37=CYLINDRICAL_SURFACE('',#1568,0.5);
#38=CYLINDRICAL_SURFACE('',#1574,0.5);
#39=CYLINDRICAL_SURFACE('',#1580,0.5);
#40=CYLINDRICAL_SURFACE('',#1586,0.5);
#41=CYLINDRICAL_SURFACE('',#1591,0.5);
#42=CYLINDRICAL_SURFACE('',#1597,0.5);
#43=CYLINDRICAL_SURFACE('',#1603,0.5);
#44=CYLINDRICAL_SURFACE('',#1609,0.5);
#45=CYLINDRICAL_SURFACE('',#1616,4.);
#46=CYLINDRICAL_SURFACE('',#1630,0.5);
#47=CYLINDRICAL_SURFACE('',#1635,0.5);
#48=CYLINDRICAL_SURFACE('',#1640,0.5);
#49=CYLINDRICAL_SURFACE('',#1646,0.5);
#50=CYLINDRICAL_SURFACE('',#1652,0.5);
#51=CYLINDRICAL_SURFACE('',#1658,0.5);
#52=CYLINDRICAL_SURFACE('',#1664,0.5);
#53=CYLINDRICAL_SURFACE('',#1669,0.5);
#54=CYLINDRICAL_SURFACE('',#1674,0.5);
#55=CYLINDRICAL_SURFACE('',#1675,5.);
#56=CYLINDRICAL_SURFACE('',#1677,5.);
#57=CYLINDRICAL_SURFACE('',#1681,5.);
#58=CYLINDRICAL_SURFACE('',#1683,5.);
#59=CYLINDRICAL_SURFACE('',#1684,5.);
#60=CYLINDRICAL_SURFACE('',#1691,5.);
#61=CYLINDRICAL_SURFACE('',#1693,1.75);
#62=CYLINDRICAL_SURFACE('',#1694,1.75);
#63=CYLINDRICAL_SURFACE('',#1696,1.75);
#64=CYLINDRICAL_SURFACE('',#1699,1.75);
#65=CYLINDRICAL_SURFACE('',#1702,1.75);
#66=CYLINDRICAL_SURFACE('',#1705,1.75);
#67=CYLINDRICAL_SURFACE('',#1708,3.);
#68=CYLINDRICAL_SURFACE('',#1711,3.);
#69=CYLINDRICAL_SURFACE('',#1715,3.);
#70=CYLINDRICAL_SURFACE('',#1718,3.);
#71=CYLINDRICAL_SURFACE('',#1721,1.);
#72=CYLINDRICAL_SURFACE('',#1723,5.);
#73=FACE_BOUND('',#274,.T.);
#74=FACE_BOUND('',#282,.T.);
#75=FACE_BOUND('',#305,.T.);
#76=FACE_BOUND('',#306,.T.);
#77=FACE_BOUND('',#329,.T.);
#78=FACE_BOUND('',#330,.T.);
#79=FACE_BOUND('',#337,.T.);
#80=FACE_BOUND('',#338,.T.);
#81=FACE_BOUND('',#356,.T.);
#82=FACE_BOUND('',#362,.T.);
#83=FACE_BOUND('',#367,.T.);
#84=FACE_BOUND('',#368,.T.);
#85=CIRCLE('',#1552,1.75);
#86=CIRCLE('',#1560,1.75);
#87=CIRCLE('',#1562,0.5);
#88=CIRCLE('',#1563,0.499999999999998);
#89=CIRCLE('',#1565,0.49999999999998);
#90=CIRCLE('',#1566,5.);
#91=CIRCLE('',#1567,5.5);
#92=CIRCLE('',#1569,0.499999999999998);
#93=CIRCLE('',#1571,0.499999999999972);
#94=CIRCLE('',#1572,5.);
#95=CIRCLE('',#1573,4.5);
#96=CIRCLE('',#1575,0.499999999999998);
#97=CIRCLE('',#1577,0.500000000000256);
#98=CIRCLE('',#1578,5.);
#99=CIRCLE('',#1579,4.5);
#100=CIRCLE('',#1581,0.499999999999989);
#101=CIRCLE('',#1583,0.500000000000256);
#102=CIRCLE('',#1584,5.);
#103=CIRCLE('',#1585,4.5);
#104=CIRCLE('',#1587,0.499999999999998);
#105=CIRCLE('',#1588,0.500000000000005);
#106=CIRCLE('',#1589,0.5);
#107=CIRCLE('',#1590,1.);
#108=CIRCLE('',#1592,0.500000000000006);
#109=CIRCLE('',#1594,0.500000000000002);
#110=CIRCLE('',#1595,4.5);
#111=CIRCLE('',#1596,5.);
#112=CIRCLE('',#1598,0.499999999999998);
#113=CIRCLE('',#1600,0.500000000000001);
#114=CIRCLE('',#1601,4.);
#115=CIRCLE('',#1602,3.5);
#116=CIRCLE('',#1604,0.499999999999998);
#117=CIRCLE('',#1606,0.500000000000005);
#118=CIRCLE('',#1607,4.5);
#119=CIRCLE('',#1608,5.);
#120=CIRCLE('',#1610,0.500000000000007);
#121=CIRCLE('',#1611,1.);
#122=CIRCLE('',#1612,0.5);
#123=CIRCLE('',#1614,5.5);
#124=CIRCLE('',#1615,5.5);
#125=CIRCLE('',#1617,4.);
#126=CIRCLE('',#1619,5.5);
#127=CIRCLE('',#1620,5.5);
#128=CIRCLE('',#1622,1.75);
#129=CIRCLE('',#1623,1.75);
#130=CIRCLE('',#1624,1.75);
#131=CIRCLE('',#1625,1.75);
#132=CIRCLE('',#1627,0.5);
#133=CIRCLE('',#1628,3.5);
#134=CIRCLE('',#1629,0.500000000000021);
#135=CIRCLE('',#1631,0.499999999999999);
#136=CIRCLE('',#1633,0.499999999999992);
#137=CIRCLE('',#1634,5.);
#138=CIRCLE('',#1636,0.500000000000002);
#139=CIRCLE('',#1638,0.499999999999989);
#140=CIRCLE('',#1639,5.);
#141=CIRCLE('',#1641,0.499999999999998);
#142=CIRCLE('',#1643,0.500000000000025);
#143=CIRCLE('',#1644,5.);
#144=CIRCLE('',#1645,4.5);
#145=CIRCLE('',#1647,0.499999999999998);
#146=CIRCLE('',#1649,0.500000000000025);
#147=CIRCLE('',#1650,5.);
#148=CIRCLE('',#1651,4.5);
#149=CIRCLE('',#1653,0.500000000000007);
#150=CIRCLE('',#1655,0.499999999999989);
#151=CIRCLE('',#1656,5.);
#152=CIRCLE('',#1657,4.5);
#153=CIRCLE('',#1659,0.499999999999989);
#154=CIRCLE('',#1661,0.499999999999989);
#155=CIRCLE('',#1662,5.);
#156=CIRCLE('',#1663,5.5);
#157=CIRCLE('',#1665,0.499999999999998);
#158=CIRCLE('',#1667,0.5);
#159=CIRCLE('',#1668,5.);
#160=CIRCLE('',#1670,0.500000000000002);
#161=CIRCLE('',#1672,0.5);
#162=CIRCLE('',#1673,5.);
#163=CIRCLE('',#1679,1.75);
#164=CIRCLE('',#1680,1.75);
#165=CIRCLE('',#1687,3.);
#166=CIRCLE('',#1688,3.);
#167=CIRCLE('',#1689,3.);
#168=CIRCLE('',#1690,3.);
#169=CIRCLE('',#1697,1.75);
#170=CIRCLE('',#1700,1.75);
#171=CIRCLE('',#1703,1.75);
#172=CIRCLE('',#1706,1.75);
#173=CIRCLE('',#1709,3.);
#174=CIRCLE('',#1712,3.);
#175=CIRCLE('',#1716,3.);
#176=CIRCLE('',#1719,3.);
#177=FACE_OUTER_BOUND('',#267,.T.);
#178=FACE_OUTER_BOUND('',#268,.T.);
#179=FACE_OUTER_BOUND('',#269,.T.);
#180=FACE_OUTER_BOUND('',#270,.T.);
#181=FACE_OUTER_BOUND('',#271,.T.);
#182=FACE_OUTER_BOUND('',#272,.T.);
#183=FACE_OUTER_BOUND('',#273,.T.);
#184=FACE_OUTER_BOUND('',#275,.T.);
#185=FACE_OUTER_BOUND('',#276,.T.);
#186=FACE_OUTER_BOUND('',#277,.T.);
#187=FACE_OUTER_BOUND('',#278,.T.);
#188=FACE_OUTER_BOUND('',#279,.T.);
#189=FACE_OUTER_BOUND('',#280,.T.);
#190=FACE_OUTER_BOUND('',#281,.T.);
#191=FACE_OUTER_BOUND('',#283,.T.);
#192=FACE_OUTER_BOUND('',#284,.T.);
#193=FACE_OUTER_BOUND('',#285,.T.);
#194=FACE_OUTER_BOUND('',#286,.T.);
#195=FACE_OUTER_BOUND('',#287,.T.);
#196=FACE_OUTER_BOUND('',#288,.T.);
#197=FACE_OUTER_BOUND('',#289,.T.);
#198=FACE_OUTER_BOUND('',#290,.T.);
#199=FACE_OUTER_BOUND('',#291,.T.);
#200=FACE_OUTER_BOUND('',#292,.T.);
#201=FACE_OUTER_BOUND('',#293,.T.);
#202=FACE_OUTER_BOUND('',#294,.T.);
#203=FACE_OUTER_BOUND('',#295,.T.);
#204=FACE_OUTER_BOUND('',#296,.T.);
#205=FACE_OUTER_BOUND('',#297,.T.);
#206=FACE_OUTER_BOUND('',#298,.T.);
#207=FACE_OUTER_BOUND('',#299,.T.);
#208=FACE_OUTER_BOUND('',#300,.T.);
#209=FACE_OUTER_BOUND('',#301,.T.);
#210=FACE_OUTER_BOUND('',#302,.T.);
#211=FACE_OUTER_BOUND('',#303,.T.);
#212=FACE_OUTER_BOUND('',#304,.T.);
#213=FACE_OUTER_BOUND('',#307,.T.);
#214=FACE_OUTER_BOUND('',#308,.T.);
#215=FACE_OUTER_BOUND('',#309,.T.);
#216=FACE_OUTER_BOUND('',#310,.T.);
#217=FACE_OUTER_BOUND('',#311,.T.);
#218=FACE_OUTER_BOUND('',#312,.T.);
#219=FACE_OUTER_BOUND('',#313,.T.);
#220=FACE_OUTER_BOUND('',#314,.T.);
#221=FACE_OUTER_BOUND('',#315,.T.);
#222=FACE_OUTER_BOUND('',#316,.T.);
#223=FACE_OUTER_BOUND('',#317,.T.);
#224=FACE_OUTER_BOUND('',#318,.T.);
#225=FACE_OUTER_BOUND('',#319,.T.);
#226=FACE_OUTER_BOUND('',#320,.T.);
#227=FACE_OUTER_BOUND('',#321,.T.);
#228=FACE_OUTER_BOUND('',#322,.T.);
#229=FACE_OUTER_BOUND('',#323,.T.);
#230=FACE_OUTER_BOUND('',#324,.T.);
#231=FACE_OUTER_BOUND('',#325,.T.);
#232=FACE_OUTER_BOUND('',#326,.T.);
#233=FACE_OUTER_BOUND('',#327,.T.);
#234=FACE_OUTER_BOUND('',#328,.T.);
#235=FACE_OUTER_BOUND('',#331,.T.);
#236=FACE_OUTER_BOUND('',#332,.T.);
#237=FACE_OUTER_BOUND('',#333,.T.);
#238=FACE_OUTER_BOUND('',#334,.T.);
#239=FACE_OUTER_BOUND('',#335,.T.);
#240=FACE_OUTER_BOUND('',#336,.T.);
#241=FACE_OUTER_BOUND('',#339,.T.);
#242=FACE_OUTER_BOUND('',#340,.T.);
#243=FACE_OUTER_BOUND('',#341,.T.);
#244=FACE_OUTER_BOUND('',#342,.T.);
#245=FACE_OUTER_BOUND('',#343,.T.);
#246=FACE_OUTER_BOUND('',#344,.T.);
#247=FACE_OUTER_BOUND('',#345,.T.);
#248=FACE_OUTER_BOUND('',#346,.T.);
#249=FACE_OUTER_BOUND('',#347,.T.);
#250=FACE_OUTER_BOUND('',#348,.T.);
#251=FACE_OUTER_BOUND('',#349,.T.);
#252=FACE_OUTER_BOUND('',#350,.T.);
#253=FACE_OUTER_BOUND('',#351,.T.);
#254=FACE_OUTER_BOUND('',#352,.T.);
#255=FACE_OUTER_BOUND('',#353,.T.);
#256=FACE_OUTER_BOUND('',#354,.T.);
#257=FACE_OUTER_BOUND('',#355,.T.);
#258=FACE_OUTER_BOUND('',#357,.T.);
#259=FACE_OUTER_BOUND('',#358,.T.);
#260=FACE_OUTER_BOUND('',#359,.T.);
#261=FACE_OUTER_BOUND('',#360,.T.);
#262=FACE_OUTER_BOUND('',#361,.T.);
#263=FACE_OUTER_BOUND('',#363,.T.);
#264=FACE_OUTER_BOUND('',#364,.T.);
#265=FACE_OUTER_BOUND('',#365,.T.);
#266=FACE_OUTER_BOUND('',#366,.T.);
#267=EDGE_LOOP('',(#965,#966,#967,#968));
#268=EDGE_LOOP('',(#969,#970,#971,#972));
#269=EDGE_LOOP('',(#973,#974,#975,#976));
#270=EDGE_LOOP('',(#977,#978,#979,#980));
#271=EDGE_LOOP('',(#981,#982,#983,#984));
#272=EDGE_LOOP('',(#985,#986,#987,#988));
#273=EDGE_LOOP('',(#989,#990,#991,#992,#993,#994));
#274=EDGE_LOOP('',(#995));
#275=EDGE_LOOP('',(#996,#997,#998,#999));
#276=EDGE_LOOP('',(#1000,#1001,#1002,#1003));
#277=EDGE_LOOP('',(#1004,#1005,#1006,#1007));
#278=EDGE_LOOP('',(#1008,#1009,#1010,#1011));
#279=EDGE_LOOP('',(#1012,#1013,#1014,#1015));
#280=EDGE_LOOP('',(#1016,#1017,#1018,#1019));
#281=EDGE_LOOP('',(#1020,#1021,#1022,#1023,#1024,#1025));
#282=EDGE_LOOP('',(#1026));
#283=EDGE_LOOP('',(#1027,#1028,#1029,#1030));
#284=EDGE_LOOP('',(#1031,#1032,#1033,#1034));
#285=EDGE_LOOP('',(#1035,#1036,#1037,#1038));
#286=EDGE_LOOP('',(#1039,#1040,#1041,#1042));
#287=EDGE_LOOP('',(#1043,#1044,#1045,#1046));
#288=EDGE_LOOP('',(#1047,#1048,#1049,#1050));
#289=EDGE_LOOP('',(#1051,#1052,#1053,#1054));
#290=EDGE_LOOP('',(#1055,#1056,#1057,#1058));
#291=EDGE_LOOP('',(#1059,#1060,#1061,#1062));
#292=EDGE_LOOP('',(#1063,#1064,#1065,#1066));
#293=EDGE_LOOP('',(#1067,#1068,#1069,#1070));
#294=EDGE_LOOP('',(#1071,#1072,#1073,#1074));
#295=EDGE_LOOP('',(#1075,#1076,#1077,#1078));
#296=EDGE_LOOP('',(#1079,#1080,#1081,#1082));
#297=EDGE_LOOP('',(#1083,#1084,#1085,#1086));
#298=EDGE_LOOP('',(#1087,#1088,#1089,#1090));
#299=EDGE_LOOP('',(#1091,#1092,#1093,#1094));
#300=EDGE_LOOP('',(#1095,#1096,#1097,#1098));
#301=EDGE_LOOP('',(#1099,#1100,#1101,#1102,#1103,#1104,#1105,#1106,#1107,
#1108,#1109,#1110));
#302=EDGE_LOOP('',(#1111,#1112,#1113,#1114));
#303=EDGE_LOOP('',(#1115,#1116,#1117,#1118,#1119,#1120,#1121,#1122,#1123,
#1124,#1125,#1126));
#304=EDGE_LOOP('',(#1127,#1128,#1129,#1130,#1131,#1132,#1133,#1134,#1135,
#1136));
#305=EDGE_LOOP('',(#1137,#1138,#1139,#1140));
#306=EDGE_LOOP('',(#1141,#1142,#1143,#1144));
#307=EDGE_LOOP('',(#1145,#1146,#1147,#1148));
#308=EDGE_LOOP('',(#1149,#1150,#1151,#1152));
#309=EDGE_LOOP('',(#1153,#1154,#1155,#1156));
#310=EDGE_LOOP('',(#1157,#1158,#1159,#1160));
#311=EDGE_LOOP('',(#1161,#1162,#1163,#1164));
#312=EDGE_LOOP('',(#1165,#1166,#1167,#1168));
#313=EDGE_LOOP('',(#1169,#1170,#1171,#1172));
#314=EDGE_LOOP('',(#1173,#1174,#1175,#1176));
#315=EDGE_LOOP('',(#1177,#1178,#1179,#1180));
#316=EDGE_LOOP('',(#1181,#1182,#1183,#1184));
#317=EDGE_LOOP('',(#1185,#1186,#1187,#1188));
#318=EDGE_LOOP('',(#1189,#1190,#1191,#1192));
#319=EDGE_LOOP('',(#1193,#1194,#1195,#1196));
#320=EDGE_LOOP('',(#1197,#1198,#1199,#1200));
#321=EDGE_LOOP('',(#1201,#1202,#1203,#1204));
#322=EDGE_LOOP('',(#1205,#1206,#1207,#1208));
#323=EDGE_LOOP('',(#1209,#1210,#1211,#1212));
#324=EDGE_LOOP('',(#1213,#1214,#1215,#1216));
#325=EDGE_LOOP('',(#1217,#1218,#1219,#1220));
#326=EDGE_LOOP('',(#1221,#1222,#1223,#1224));
#327=EDGE_LOOP('',(#1225,#1226,#1227,#1228));
#328=EDGE_LOOP('',(#1229,#1230,#1231,#1232));
#329=EDGE_LOOP('',(#1233));
#330=EDGE_LOOP('',(#1234));
#331=EDGE_LOOP('',(#1235,#1236,#1237,#1238));
#332=EDGE_LOOP('',(#1239,#1240,#1241,#1242));
#333=EDGE_LOOP('',(#1243,#1244,#1245,#1246));
#334=EDGE_LOOP('',(#1247,#1248,#1249,#1250));
#335=EDGE_LOOP('',(#1251,#1252,#1253,#1254));
#336=EDGE_LOOP('',(#1255,#1256,#1257,#1258,#1259,#1260,#1261,#1262,#1263,
#1264));
#337=EDGE_LOOP('',(#1265,#1266,#1267,#1268));
#338=EDGE_LOOP('',(#1269,#1270,#1271,#1272));
#339=EDGE_LOOP('',(#1273,#1274,#1275,#1276));
#340=EDGE_LOOP('',(#1277,#1278,#1279,#1280));
#341=EDGE_LOOP('',(#1281,#1282,#1283,#1284));
#342=EDGE_LOOP('',(#1285,#1286,#1287,#1288));
#343=EDGE_LOOP('',(#1289,#1290,#1291,#1292));
#344=EDGE_LOOP('',(#1293,#1294,#1295,#1296));
#345=EDGE_LOOP('',(#1297,#1298,#1299,#1300));
#346=EDGE_LOOP('',(#1301,#1302,#1303,#1304));
#347=EDGE_LOOP('',(#1305,#1306,#1307,#1308));
#348=EDGE_LOOP('',(#1309,#1310,#1311,#1312));
#349=EDGE_LOOP('',(#1313,#1314,#1315,#1316));
#350=EDGE_LOOP('',(#1317,#1318,#1319,#1320));
#351=EDGE_LOOP('',(#1321,#1322,#1323,#1324));
#352=EDGE_LOOP('',(#1325,#1326,#1327,#1328));
#353=EDGE_LOOP('',(#1329,#1330,#1331,#1332));
#354=EDGE_LOOP('',(#1333,#1334,#1335,#1336));
#355=EDGE_LOOP('',(#1337,#1338,#1339,#1340));
#356=EDGE_LOOP('',(#1341,#1342,#1343,#1344));
#357=EDGE_LOOP('',(#1345,#1346,#1347,#1348));
#358=EDGE_LOOP('',(#1349,#1350,#1351,#1352));
#359=EDGE_LOOP('',(#1353,#1354,#1355,#1356));
#360=EDGE_LOOP('',(#1357,#1358,#1359,#1360));
#361=EDGE_LOOP('',(#1361,#1362,#1363,#1364));
#362=EDGE_LOOP('',(#1365,#1366,#1367,#1368));
#363=EDGE_LOOP('',(#1369,#1370,#1371,#1372));
#364=EDGE_LOOP('',(#1373,#1374,#1375,#1376));
#365=EDGE_LOOP('',(#1377,#1378,#1379,#1380));
#366=EDGE_LOOP('',(#1381,#1382,#1383,#1384));
#367=EDGE_LOOP('',(#1385,#1386,#1387,#1388,#1389,#1390));
#368=EDGE_LOOP('',(#1391,#1392,#1393,#1394,#1395,#1396));
#369=LINE('',#2215,#493);
#370=LINE('',#2217,#494);
#371=LINE('',#2219,#495);
#372=LINE('',#2220,#496);
#373=LINE('',#2223,#497);
#374=LINE('',#2225,#498);
#375=LINE('',#2226,#499);
#376=LINE('',#2229,#500);
#377=LINE('',#2231,#501);
#378=LINE('',#2232,#502);
#379=LINE('',#2235,#503);
#380=LINE('',#2237,#504);
#381=LINE('',#2238,#505);
#382=LINE('',#2241,#506);
#383=LINE('',#2243,#507);
#384=LINE('',#2244,#508);
#385=LINE('',#2246,#509);
#386=LINE('',#2247,#510);
#387=LINE('',#2254,#511);
#388=LINE('',#2256,#512);
#389=LINE('',#2258,#513);
#390=LINE('',#2259,#514);
#391=LINE('',#2262,#515);
#392=LINE('',#2264,#516);
#393=LINE('',#2265,#517);
#394=LINE('',#2268,#518);
#395=LINE('',#2270,#519);
#396=LINE('',#2271,#520);
#397=LINE('',#2274,#521);
#398=LINE('',#2276,#522);
#399=LINE('',#2277,#523);
#400=LINE('',#2280,#524);
#401=LINE('',#2282,#525);
#402=LINE('',#2283,#526);
#403=LINE('',#2285,#527);
#404=LINE('',#2286,#528);
#405=LINE('',#2295,#529);
#406=LINE('',#2298,#530);
#407=LINE('',#2309,#531);
#408=LINE('',#2310,#532);
#409=LINE('',#2321,#533);
#410=LINE('',#2322,#534);
#411=LINE('',#2333,#535);
#412=LINE('',#2334,#536);
#413=LINE('',#2345,#537);
#414=LINE('',#2346,#538);
#415=LINE('',#2365,#539);
#416=LINE('',#2366,#540);
#417=LINE('',#2377,#541);
#418=LINE('',#2378,#542);
#419=LINE('',#2389,#543);
#420=LINE('',#2390,#544);
#421=LINE('',#2401,#545);
#422=LINE('',#2402,#546);
#423=LINE('',#2416,#547);
#424=LINE('',#2418,#548);
#425=LINE('',#2422,#549);
#426=LINE('',#2426,#550);
#427=LINE('',#2427,#551);
#428=LINE('',#2430,#552);
#429=LINE('',#2434,#553);
#430=LINE('',#2436,#554);
#431=LINE('',#2440,#555);
#432=LINE('',#2443,#556);
#433=LINE('',#2445,#557);
#434=LINE('',#2448,#558);
#435=LINE('',#2452,#559);
#436=LINE('',#2456,#560);
#437=LINE('',#2460,#561);
#438=LINE('',#2471,#562);
#439=LINE('',#2479,#563);
#440=LINE('',#2487,#564);
#441=LINE('',#2498,#565);
#442=LINE('',#2499,#566);
#443=LINE('',#2510,#567);
#444=LINE('',#2511,#568);
#445=LINE('',#2522,#569);
#446=LINE('',#2523,#570);
#447=LINE('',#2532,#571);
#448=LINE('',#2540,#572);
#449=LINE('',#2546,#573);
#450=LINE('',#2548,#574);
#451=LINE('',#2549,#575);
#452=LINE('',#2551,#576);
#453=LINE('',#2553,#577);
#454=LINE('',#2560,#578);
#455=LINE('',#2561,#579);
#456=LINE('',#2563,#580);
#457=LINE('',#2566,#581);
#458=LINE('',#2568,#582);
#459=LINE('',#2572,#583);
#460=LINE('',#2576,#584);
#461=LINE('',#2580,#585);
#462=LINE('',#2584,#586);
#463=LINE('',#2587,#587);
#464=LINE('',#2590,#588);
#465=LINE('',#2592,#589);
#466=LINE('',#2595,#590);
#467=LINE('',#2597,#591);
#468=LINE('',#2598,#592);
#469=LINE('',#2602,#593);
#470=LINE('',#2605,#594);
#471=LINE('',#2606,#595);
#472=LINE('',#2611,#596);
#473=LINE('',#2613,#597);
#474=LINE('',#2614,#598);
#475=LINE('',#2618,#599);
#476=LINE('',#2621,#600);
#477=LINE('',#2622,#601);
#478=LINE('',#2627,#602);
#479=LINE('',#2629,#603);
#480=LINE('',#2630,#604);
#481=LINE('',#2633,#605);
#482=LINE('',#2637,#606);
#483=LINE('',#2638,#607);
#484=LINE('',#2644,#608);
#485=LINE('',#2646,#609);
#486=LINE('',#2647,#610);
#487=LINE('',#2650,#611);
#488=LINE('',#2654,#612);
#489=LINE('',#2655,#613);
#490=LINE('',#2660,#614);
#491=LINE('',#2662,#615);
#492=LINE('',#2664,#616);
#493=VECTOR('',#1729,10.);
#494=VECTOR('',#1730,10.);
#495=VECTOR('',#1731,10.);
#496=VECTOR('',#1732,10.);
#497=VECTOR('',#1735,10.);
#498=VECTOR('',#1736,10.);
#499=VECTOR('',#1737,10.);
#500=VECTOR('',#1740,10.);
#501=VECTOR('',#1741,10.);
#502=VECTOR('',#1742,10.);
#503=VECTOR('',#1745,10.);
#504=VECTOR('',#1746,10.);
#505=VECTOR('',#1747,10.);
#506=VECTOR('',#1750,10.);
#507=VECTOR('',#1751,10.);
#508=VECTOR('',#1752,10.);
#509=VECTOR('',#1755,10.);
#510=VECTOR('',#1756,10.);
#511=VECTOR('',#1763,10.);
#512=VECTOR('',#1764,10.);
#513=VECTOR('',#1765,10.);
#514=VECTOR('',#1766,10.);
#515=VECTOR('',#1769,10.);
#516=VECTOR('',#1770,10.);
#517=VECTOR('',#1771,10.);
#518=VECTOR('',#1774,10.);
#519=VECTOR('',#1775,10.);
#520=VECTOR('',#1776,10.);
#521=VECTOR('',#1779,10.);
#522=VECTOR('',#1780,10.);
#523=VECTOR('',#1781,10.);
#524=VECTOR('',#1784,10.);
#525=VECTOR('',#1785,10.);
#526=VECTOR('',#1786,10.);
#527=VECTOR('',#1789,10.);
#528=VECTOR('',#1790,10.);
#529=VECTOR('',#1799,10.);
#530=VECTOR('',#1802,10.);
#531=VECTOR('',#1815,10.);
#532=VECTOR('',#1816,10.);
#533=VECTOR('',#1829,10.);
#534=VECTOR('',#1830,10.);
#535=VECTOR('',#1843,10.);
#536=VECTOR('',#1844,10.);
#537=VECTOR('',#1857,10.);
#538=VECTOR('',#1858,10.);
#539=VECTOR('',#1869,10.);
#540=VECTOR('',#1870,10.);
#541=VECTOR('',#1883,10.);
#542=VECTOR('',#1884,10.);
#543=VECTOR('',#1897,10.);
#544=VECTOR('',#1898,10.);
#545=VECTOR('',#1911,10.);
#546=VECTOR('',#1912,10.);
#547=VECTOR('',#1919,10.);
#548=VECTOR('',#1920,10.);
#549=VECTOR('',#1923,10.);
#550=VECTOR('',#1926,10.);
#551=VECTOR('',#1927,10.);
#552=VECTOR('',#1930,10.);
#553=VECTOR('',#1935,10.);
#554=VECTOR('',#1936,10.);
#555=VECTOR('',#1939,10.);
#556=VECTOR('',#1942,10.);
#557=VECTOR('',#1945,10.);
#558=VECTOR('',#1946,10.);
#559=VECTOR('',#1949,10.);
#560=VECTOR('',#1952,10.);
#561=VECTOR('',#1955,10.);
#562=VECTOR('',#1970,10.);
#563=VECTOR('',#1981,10.);
#564=VECTOR('',#1992,10.);
#565=VECTOR('',#2005,10.);
#566=VECTOR('',#2006,10.);
#567=VECTOR('',#2019,10.);
#568=VECTOR('',#2020,10.);
#569=VECTOR('',#2033,10.);
#570=VECTOR('',#2034,10.);
#571=VECTOR('',#2047,10.);
#572=VECTOR('',#2058,10.);
#573=VECTOR('',#2067,10.);
#574=VECTOR('',#2070,10.);
#575=VECTOR('',#2071,10.);
#576=VECTOR('',#2074,10.);
#577=VECTOR('',#2077,10.);
#578=VECTOR('',#2086,10.);
#579=VECTOR('',#2087,10.);
#580=VECTOR('',#2090,10.);
#581=VECTOR('',#2095,10.);
#582=VECTOR('',#2098,10.);
#583=VECTOR('',#2101,10.);
#584=VECTOR('',#2104,10.);
#585=VECTOR('',#2107,10.);
#586=VECTOR('',#2110,10.);
#587=VECTOR('',#2115,10.);
#588=VECTOR('',#2120,1.75);
#589=VECTOR('',#2123,1.75);
#590=VECTOR('',#2126,10.);
#591=VECTOR('',#2127,10.);
#592=VECTOR('',#2128,10.);
#593=VECTOR('',#2133,10.);
#594=VECTOR('',#2136,10.);
#595=VECTOR('',#2137,10.);
#596=VECTOR('',#2144,10.);
#597=VECTOR('',#2145,10.);
#598=VECTOR('',#2146,10.);
#599=VECTOR('',#2151,10.);
#600=VECTOR('',#2154,10.);
#601=VECTOR('',#2155,10.);
#602=VECTOR('',#2162,10.);
#603=VECTOR('',#2163,10.);
#604=VECTOR('',#2164,10.);
#605=VECTOR('',#2167,10.);
#606=VECTOR('',#2172,10.);
#607=VECTOR('',#2173,10.);
#608=VECTOR('',#2182,10.);
#609=VECTOR('',#2183,10.);
#610=VECTOR('',#2184,10.);
#611=VECTOR('',#2187,10.);
#612=VECTOR('',#2192,10.);
#613=VECTOR('',#2193,10.);
#614=VECTOR('',#2202,10.);
#615=VECTOR('',#2205,10.);
#616=VECTOR('',#2208,10.);
#617=VERTEX_POINT('',#2213);
#618=VERTEX_POINT('',#2214);
#619=VERTEX_POINT('',#2216);
#620=VERTEX_POINT('',#2218);
#621=VERTEX_POINT('',#2222);
#622=VERTEX_POINT('',#2224);
#623=VERTEX_POINT('',#2228);
#624=VERTEX_POINT('',#2230);
#625=VERTEX_POINT('',#2234);
#626=VERTEX_POINT('',#2236);
#627=VERTEX_POINT('',#2240);
#628=VERTEX_POINT('',#2242);
#629=VERTEX_POINT('',#2249);
#630=VERTEX_POINT('',#2252);
#631=VERTEX_POINT('',#2253);
#632=VERTEX_POINT('',#2255);
#633=VERTEX_POINT('',#2257);
#634=VERTEX_POINT('',#2261);
#635=VERTEX_POINT('',#2263);
#636=VERTEX_POINT('',#2267);
#637=VERTEX_POINT('',#2269);
#638=VERTEX_POINT('',#2273);
#639=VERTEX_POINT('',#2275);
#640=VERTEX_POINT('',#2279);
#641=VERTEX_POINT('',#2281);
#642=VERTEX_POINT('',#2288);
#643=VERTEX_POINT('',#2291);
#644=VERTEX_POINT('',#2292);
#645=VERTEX_POINT('',#2294);
#646=VERTEX_POINT('',#2296);
#647=VERTEX_POINT('',#2300);
#648=VERTEX_POINT('',#2301);
#649=VERTEX_POINT('',#2306);
#650=VERTEX_POINT('',#2307);
#651=VERTEX_POINT('',#2312);
#652=VERTEX_POINT('',#2313);
#653=VERTEX_POINT('',#2318);
#654=VERTEX_POINT('',#2319);
#655=VERTEX_POINT('',#2324);
#656=VERTEX_POINT('',#2325);
#657=VERTEX_POINT('',#2330);
#658=VERTEX_POINT('',#2331);
#659=VERTEX_POINT('',#2336);
#660=VERTEX_POINT('',#2337);
#661=VERTEX_POINT('',#2342);
#662=VERTEX_POINT('',#2343);
#663=VERTEX_POINT('',#2356);
#664=VERTEX_POINT('',#2357);
#665=VERTEX_POINT('',#2362);
#666=VERTEX_POINT('',#2363);
#667=VERTEX_POINT('',#2368);
#668=VERTEX_POINT('',#2369);
#669=VERTEX_POINT('',#2374);
#670=VERTEX_POINT('',#2375);
#671=VERTEX_POINT('',#2380);
#672=VERTEX_POINT('',#2381);
#673=VERTEX_POINT('',#2386);
#674=VERTEX_POINT('',#2387);
#675=VERTEX_POINT('',#2392);
#676=VERTEX_POINT('',#2393);
#677=VERTEX_POINT('',#2398);
#678=VERTEX_POINT('',#2399);
#679=VERTEX_POINT('',#2415);
#680=VERTEX_POINT('',#2417);
#681=VERTEX_POINT('',#2419);
#682=VERTEX_POINT('',#2421);
#683=VERTEX_POINT('',#2423);
#684=VERTEX_POINT('',#2425);
#685=VERTEX_POINT('',#2429);
#686=VERTEX_POINT('',#2433);
#687=VERTEX_POINT('',#2435);
#688=VERTEX_POINT('',#2437);
#689=VERTEX_POINT('',#2439);
#690=VERTEX_POINT('',#2441);
#691=VERTEX_POINT('',#2446);
#692=VERTEX_POINT('',#2447);
#693=VERTEX_POINT('',#2449);
#694=VERTEX_POINT('',#2451);
#695=VERTEX_POINT('',#2454);
#696=VERTEX_POINT('',#2455);
#697=VERTEX_POINT('',#2457);
#698=VERTEX_POINT('',#2459);
#699=VERTEX_POINT('',#2463);
#700=VERTEX_POINT('',#2465);
#701=VERTEX_POINT('',#2469);
#702=VERTEX_POINT('',#2473);
#703=VERTEX_POINT('',#2477);
#704=VERTEX_POINT('',#2481);
#705=VERTEX_POINT('',#2485);
#706=VERTEX_POINT('',#2489);
#707=VERTEX_POINT('',#2490);
#708=VERTEX_POINT('',#2495);
#709=VERTEX_POINT('',#2496);
#710=VERTEX_POINT('',#2501);
#711=VERTEX_POINT('',#2502);
#712=VERTEX_POINT('',#2507);
#713=VERTEX_POINT('',#2508);
#714=VERTEX_POINT('',#2513);
#715=VERTEX_POINT('',#2514);
#716=VERTEX_POINT('',#2519);
#717=VERTEX_POINT('',#2520);
#718=VERTEX_POINT('',#2525);
#719=VERTEX_POINT('',#2530);
#720=VERTEX_POINT('',#2534);
#721=VERTEX_POINT('',#2538);
#722=VERTEX_POINT('',#2542);
#723=VERTEX_POINT('',#2555);
#724=VERTEX_POINT('',#2557);
#725=VERTEX_POINT('',#2570);
#726=VERTEX_POINT('',#2571);
#727=VERTEX_POINT('',#2573);
#728=VERTEX_POINT('',#2575);
#729=VERTEX_POINT('',#2578);
#730=VERTEX_POINT('',#2579);
#731=VERTEX_POINT('',#2581);
#732=VERTEX_POINT('',#2583);
#733=VERTEX_POINT('',#2594);
#734=VERTEX_POINT('',#2596);
#735=VERTEX_POINT('',#2600);
#736=VERTEX_POINT('',#2604);
#737=VERTEX_POINT('',#2610);
#738=VERTEX_POINT('',#2612);
#739=VERTEX_POINT('',#2616);
#740=VERTEX_POINT('',#2620);
#741=VERTEX_POINT('',#2626);
#742=VERTEX_POINT('',#2628);
#743=VERTEX_POINT('',#2632);
#744=VERTEX_POINT('',#2636);
#745=VERTEX_POINT('',#2643);
#746=VERTEX_POINT('',#2645);
#747=VERTEX_POINT('',#2649);
#748=VERTEX_POINT('',#2653);
#749=EDGE_CURVE('',#617,#618,#369,.T.);
#750=EDGE_CURVE('',#617,#619,#370,.T.);
#751=EDGE_CURVE('',#619,#620,#371,.T.);
#752=EDGE_CURVE('',#618,#620,#372,.T.);
#753=EDGE_CURVE('',#621,#617,#373,.T.);
#754=EDGE_CURVE('',#621,#622,#374,.T.);
#755=EDGE_CURVE('',#622,#619,#375,.T.);
#756=EDGE_CURVE('',#623,#621,#376,.T.);
#757=EDGE_CURVE('',#623,#624,#377,.T.);
#758=EDGE_CURVE('',#624,#622,#378,.T.);
#759=EDGE_CURVE('',#625,#623,#379,.T.);
#760=EDGE_CURVE('',#625,#626,#380,.T.);
#761=EDGE_CURVE('',#626,#624,#381,.T.);
#762=EDGE_CURVE('',#627,#625,#382,.T.);
#763=EDGE_CURVE('',#627,#628,#383,.T.);
#764=EDGE_CURVE('',#628,#626,#384,.T.);
#765=EDGE_CURVE('',#618,#627,#385,.T.);
#766=EDGE_CURVE('',#620,#628,#386,.T.);
#767=EDGE_CURVE('',#629,#629,#85,.T.);
#768=EDGE_CURVE('',#630,#631,#387,.T.);
#769=EDGE_CURVE('',#630,#632,#388,.T.);
#770=EDGE_CURVE('',#632,#633,#389,.T.);
#771=EDGE_CURVE('',#631,#633,#390,.T.);
#772=EDGE_CURVE('',#634,#630,#391,.T.);
#773=EDGE_CURVE('',#634,#635,#392,.T.);
#774=EDGE_CURVE('',#635,#632,#393,.T.);
#775=EDGE_CURVE('',#636,#634,#394,.T.);
#776=EDGE_CURVE('',#636,#637,#395,.T.);
#777=EDGE_CURVE('',#637,#635,#396,.T.);
#778=EDGE_CURVE('',#638,#636,#397,.T.);
#779=EDGE_CURVE('',#638,#639,#398,.T.);
#780=EDGE_CURVE('',#639,#637,#399,.T.);
#781=EDGE_CURVE('',#640,#638,#400,.T.);
#782=EDGE_CURVE('',#640,#641,#401,.T.);
#783=EDGE_CURVE('',#641,#639,#402,.T.);
#784=EDGE_CURVE('',#631,#640,#403,.T.);
#785=EDGE_CURVE('',#633,#641,#404,.T.);
#786=EDGE_CURVE('',#642,#642,#86,.T.);
#787=EDGE_CURVE('',#643,#644,#87,.T.);
#788=EDGE_CURVE('',#644,#645,#405,.T.);
#789=EDGE_CURVE('',#645,#646,#88,.T.);
#790=EDGE_CURVE('',#646,#643,#406,.T.);
#791=EDGE_CURVE('',#647,#648,#89,.T.);
#792=EDGE_CURVE('',#648,#646,#90,.T.);
#793=EDGE_CURVE('',#645,#647,#91,.T.);
#794=EDGE_CURVE('',#649,#650,#92,.T.);
#795=EDGE_CURVE('',#650,#648,#407,.T.);
#796=EDGE_CURVE('',#647,#649,#408,.T.);
#797=EDGE_CURVE('',#651,#652,#93,.T.);
#798=EDGE_CURVE('',#652,#650,#94,.T.);
#799=EDGE_CURVE('',#649,#651,#95,.T.);
#800=EDGE_CURVE('',#653,#654,#96,.T.);
#801=EDGE_CURVE('',#654,#652,#409,.T.);
#802=EDGE_CURVE('',#651,#653,#410,.T.);
#803=EDGE_CURVE('',#655,#656,#97,.T.);
#804=EDGE_CURVE('',#656,#654,#98,.T.);
#805=EDGE_CURVE('',#653,#655,#99,.T.);
#806=EDGE_CURVE('',#657,#658,#100,.T.);
#807=EDGE_CURVE('',#658,#656,#411,.T.);
#808=EDGE_CURVE('',#655,#657,#412,.T.);
#809=EDGE_CURVE('',#659,#660,#101,.T.);
#810=EDGE_CURVE('',#660,#658,#102,.T.);
#811=EDGE_CURVE('',#657,#659,#103,.T.);
#812=EDGE_CURVE('',#661,#662,#104,.T.);
#813=EDGE_CURVE('',#662,#660,#413,.T.);
#814=EDGE_CURVE('',#659,#661,#414,.T.);
#815=EDGE_CURVE('',#663,#664,#105,.T.);
#816=EDGE_CURVE('',#664,#662,#106,.T.);
#817=EDGE_CURVE('',#661,#663,#107,.T.);
#818=EDGE_CURVE('',#665,#666,#108,.T.);
#819=EDGE_CURVE('',#666,#664,#415,.T.);
#820=EDGE_CURVE('',#663,#665,#416,.T.);
#821=EDGE_CURVE('',#667,#668,#109,.T.);
#822=EDGE_CURVE('',#668,#666,#110,.T.);
#823=EDGE_CURVE('',#665,#667,#111,.T.);
#824=EDGE_CURVE('',#669,#670,#112,.T.);
#825=EDGE_CURVE('',#670,#668,#417,.T.);
#826=EDGE_CURVE('',#667,#669,#418,.T.);
#827=EDGE_CURVE('',#671,#672,#113,.T.);
#828=EDGE_CURVE('',#672,#670,#114,.T.);
#829=EDGE_CURVE('',#669,#671,#115,.T.);
#830=EDGE_CURVE('',#673,#674,#116,.T.);
#831=EDGE_CURVE('',#674,#672,#419,.T.);
#832=EDGE_CURVE('',#671,#673,#420,.T.);
#833=EDGE_CURVE('',#675,#676,#117,.T.);
#834=EDGE_CURVE('',#676,#674,#118,.T.);
#835=EDGE_CURVE('',#673,#675,#119,.T.);
#836=EDGE_CURVE('',#677,#678,#120,.T.);
#837=EDGE_CURVE('',#678,#676,#421,.T.);
#838=EDGE_CURVE('',#675,#677,#422,.T.);
#839=EDGE_CURVE('',#677,#644,#121,.T.);
#840=EDGE_CURVE('',#643,#678,#122,.T.);
#841=EDGE_CURVE('',#679,#670,#423,.T.);
#842=EDGE_CURVE('',#680,#679,#424,.T.);
#843=EDGE_CURVE('',#681,#680,#123,.T.);
#844=EDGE_CURVE('',#682,#681,#425,.T.);
#845=EDGE_CURVE('',#683,#682,#124,.T.);
#846=EDGE_CURVE('',#684,#683,#426,.T.);
#847=EDGE_CURVE('',#660,#684,#427,.T.);
#848=EDGE_CURVE('',#672,#685,#428,.T.);
#849=EDGE_CURVE('',#679,#685,#125,.T.);
#850=EDGE_CURVE('',#686,#646,#429,.T.);
#851=EDGE_CURVE('',#687,#686,#430,.T.);
#852=EDGE_CURVE('',#688,#687,#126,.T.);
#853=EDGE_CURVE('',#689,#688,#431,.T.);
#854=EDGE_CURVE('',#690,#689,#127,.T.);
#855=EDGE_CURVE('',#685,#690,#432,.T.);
#856=EDGE_CURVE('',#661,#644,#433,.T.);
#857=EDGE_CURVE('',#691,#692,#434,.T.);
#858=EDGE_CURVE('',#692,#693,#128,.T.);
#859=EDGE_CURVE('',#693,#694,#435,.T.);
#860=EDGE_CURVE('',#694,#691,#129,.T.);
#861=EDGE_CURVE('',#695,#696,#436,.T.);
#862=EDGE_CURVE('',#696,#697,#130,.T.);
#863=EDGE_CURVE('',#697,#698,#437,.T.);
#864=EDGE_CURVE('',#698,#695,#131,.T.);
#865=EDGE_CURVE('',#685,#699,#132,.T.);
#866=EDGE_CURVE('',#699,#700,#133,.T.);
#867=EDGE_CURVE('',#700,#679,#134,.T.);
#868=EDGE_CURVE('',#701,#680,#135,.T.);
#869=EDGE_CURVE('',#700,#701,#438,.T.);
#870=EDGE_CURVE('',#702,#681,#136,.T.);
#871=EDGE_CURVE('',#701,#702,#137,.T.);
#872=EDGE_CURVE('',#703,#682,#138,.T.);
#873=EDGE_CURVE('',#702,#703,#439,.T.);
#874=EDGE_CURVE('',#704,#683,#139,.T.);
#875=EDGE_CURVE('',#703,#704,#140,.T.);
#876=EDGE_CURVE('',#705,#684,#141,.T.);
#877=EDGE_CURVE('',#704,#705,#440,.T.);
#878=EDGE_CURVE('',#706,#707,#142,.T.);
#879=EDGE_CURVE('',#707,#684,#143,.T.);
#880=EDGE_CURVE('',#705,#706,#144,.T.);
#881=EDGE_CURVE('',#708,#709,#145,.T.);
#882=EDGE_CURVE('',#709,#707,#441,.T.);
#883=EDGE_CURVE('',#706,#708,#442,.T.);
#884=EDGE_CURVE('',#710,#711,#146,.T.);
#885=EDGE_CURVE('',#711,#709,#147,.T.);
#886=EDGE_CURVE('',#708,#710,#148,.T.);
#887=EDGE_CURVE('',#712,#713,#149,.T.);
#888=EDGE_CURVE('',#713,#711,#443,.T.);
#889=EDGE_CURVE('',#710,#712,#444,.T.);
#890=EDGE_CURVE('',#714,#715,#150,.T.);
#891=EDGE_CURVE('',#715,#713,#151,.T.);
#892=EDGE_CURVE('',#712,#714,#152,.T.);
#893=EDGE_CURVE('',#716,#717,#153,.T.);
#894=EDGE_CURVE('',#717,#715,#445,.T.);
#895=EDGE_CURVE('',#714,#716,#446,.T.);
#896=EDGE_CURVE('',#718,#686,#154,.T.);
#897=EDGE_CURVE('',#686,#717,#155,.T.);
#898=EDGE_CURVE('',#716,#718,#156,.T.);
#899=EDGE_CURVE('',#719,#687,#157,.T.);
#900=EDGE_CURVE('',#718,#719,#447,.T.);
#901=EDGE_CURVE('',#720,#688,#158,.T.);
#902=EDGE_CURVE('',#719,#720,#159,.T.);
#903=EDGE_CURVE('',#721,#689,#160,.T.);
#904=EDGE_CURVE('',#720,#721,#448,.T.);
#905=EDGE_CURVE('',#722,#690,#161,.T.);
#906=EDGE_CURVE('',#721,#722,#162,.T.);
#907=EDGE_CURVE('',#722,#699,#449,.T.);
#908=EDGE_CURVE('',#703,#720,#450,.T.);
#909=EDGE_CURVE('',#719,#704,#451,.T.);
#910=EDGE_CURVE('',#721,#702,#452,.T.);
#911=EDGE_CURVE('',#701,#722,#453,.T.);
#912=EDGE_CURVE('',#723,#723,#163,.T.);
#913=EDGE_CURVE('',#724,#724,#164,.T.);
#914=EDGE_CURVE('',#652,#713,#454,.T.);
#915=EDGE_CURVE('',#715,#650,#455,.T.);
#916=EDGE_CURVE('',#648,#717,#456,.T.);
#917=EDGE_CURVE('',#707,#658,#457,.T.);
#918=EDGE_CURVE('',#656,#709,#458,.T.);
#919=EDGE_CURVE('',#725,#726,#459,.T.);
#920=EDGE_CURVE('',#726,#727,#165,.T.);
#921=EDGE_CURVE('',#727,#728,#460,.T.);
#922=EDGE_CURVE('',#728,#725,#166,.T.);
#923=EDGE_CURVE('',#729,#730,#461,.T.);
#924=EDGE_CURVE('',#730,#731,#167,.T.);
#925=EDGE_CURVE('',#731,#732,#462,.T.);
#926=EDGE_CURVE('',#732,#729,#168,.T.);
#927=EDGE_CURVE('',#711,#654,#463,.T.);
#928=EDGE_CURVE('',#724,#629,#464,.T.);
#929=EDGE_CURVE('',#723,#642,#465,.T.);
#930=EDGE_CURVE('',#733,#697,#466,.T.);
#931=EDGE_CURVE('',#734,#733,#467,.T.);
#932=EDGE_CURVE('',#734,#698,#468,.T.);
#933=EDGE_CURVE('',#735,#734,#169,.T.);
#934=EDGE_CURVE('',#735,#695,#469,.T.);
#935=EDGE_CURVE('',#736,#735,#470,.T.);
#936=EDGE_CURVE('',#736,#696,#471,.T.);
#937=EDGE_CURVE('',#733,#736,#170,.T.);
#938=EDGE_CURVE('',#737,#693,#472,.T.);
#939=EDGE_CURVE('',#738,#737,#473,.T.);
#940=EDGE_CURVE('',#738,#694,#474,.T.);
#941=EDGE_CURVE('',#739,#738,#171,.T.);
#942=EDGE_CURVE('',#739,#691,#475,.T.);
#943=EDGE_CURVE('',#740,#739,#476,.T.);
#944=EDGE_CURVE('',#740,#692,#477,.T.);
#945=EDGE_CURVE('',#737,#740,#172,.T.);
#946=EDGE_CURVE('',#729,#741,#478,.T.);
#947=EDGE_CURVE('',#741,#742,#479,.T.);
#948=EDGE_CURVE('',#730,#742,#480,.T.);
#949=EDGE_CURVE('',#732,#743,#481,.T.);
#950=EDGE_CURVE('',#743,#741,#173,.T.);
#951=EDGE_CURVE('',#731,#744,#482,.T.);
#952=EDGE_CURVE('',#744,#743,#483,.T.);
#953=EDGE_CURVE('',#742,#744,#174,.T.);
#954=EDGE_CURVE('',#725,#745,#484,.T.);
#955=EDGE_CURVE('',#745,#746,#485,.T.);
#956=EDGE_CURVE('',#726,#746,#486,.T.);
#957=EDGE_CURVE('',#728,#747,#487,.T.);
#958=EDGE_CURVE('',#747,#745,#175,.T.);
#959=EDGE_CURVE('',#727,#748,#488,.T.);
#960=EDGE_CURVE('',#748,#747,#489,.T.);
#961=EDGE_CURVE('',#746,#748,#176,.T.);
#962=EDGE_CURVE('',#677,#663,#490,.T.);
#963=EDGE_CURVE('',#665,#675,#491,.T.);
#964=EDGE_CURVE('',#673,#667,#492,.T.);
#965=ORIENTED_EDGE('',*,*,#749,.F.);
#966=ORIENTED_EDGE('',*,*,#750,.T.);
#967=ORIENTED_EDGE('',*,*,#751,.T.);
#968=ORIENTED_EDGE('',*,*,#752,.F.);
#969=ORIENTED_EDGE('',*,*,#753,.F.);
#970=ORIENTED_EDGE('',*,*,#754,.T.);
#971=ORIENTED_EDGE('',*,*,#755,.T.);
#972=ORIENTED_EDGE('',*,*,#750,.F.);
#973=ORIENTED_EDGE('',*,*,#756,.F.);
#974=ORIENTED_EDGE('',*,*,#757,.T.);
#975=ORIENTED_EDGE('',*,*,#758,.T.);
#976=ORIENTED_EDGE('',*,*,#754,.F.);
#977=ORIENTED_EDGE('',*,*,#759,.F.);
#978=ORIENTED_EDGE('',*,*,#760,.T.);
#979=ORIENTED_EDGE('',*,*,#761,.T.);
#980=ORIENTED_EDGE('',*,*,#757,.F.);
#981=ORIENTED_EDGE('',*,*,#762,.F.);
#982=ORIENTED_EDGE('',*,*,#763,.T.);
#983=ORIENTED_EDGE('',*,*,#764,.T.);
#984=ORIENTED_EDGE('',*,*,#760,.F.);
#985=ORIENTED_EDGE('',*,*,#765,.F.);
#986=ORIENTED_EDGE('',*,*,#752,.T.);
#987=ORIENTED_EDGE('',*,*,#766,.T.);
#988=ORIENTED_EDGE('',*,*,#763,.F.);
#989=ORIENTED_EDGE('',*,*,#766,.F.);
#990=ORIENTED_EDGE('',*,*,#751,.F.);
#991=ORIENTED_EDGE('',*,*,#755,.F.);
#992=ORIENTED_EDGE('',*,*,#758,.F.);
#993=ORIENTED_EDGE('',*,*,#761,.F.);
#994=ORIENTED_EDGE('',*,*,#764,.F.);
#995=ORIENTED_EDGE('',*,*,#767,.F.);
#996=ORIENTED_EDGE('',*,*,#768,.F.);
#997=ORIENTED_EDGE('',*,*,#769,.T.);
#998=ORIENTED_EDGE('',*,*,#770,.T.);
#999=ORIENTED_EDGE('',*,*,#771,.F.);
#1000=ORIENTED_EDGE('',*,*,#772,.F.);
#1001=ORIENTED_EDGE('',*,*,#773,.T.);
#1002=ORIENTED_EDGE('',*,*,#774,.T.);
#1003=ORIENTED_EDGE('',*,*,#769,.F.);
#1004=ORIENTED_EDGE('',*,*,#775,.F.);
#1005=ORIENTED_EDGE('',*,*,#776,.T.);
#1006=ORIENTED_EDGE('',*,*,#777,.T.);
#1007=ORIENTED_EDGE('',*,*,#773,.F.);
#1008=ORIENTED_EDGE('',*,*,#778,.F.);
#1009=ORIENTED_EDGE('',*,*,#779,.T.);
#1010=ORIENTED_EDGE('',*,*,#780,.T.);
#1011=ORIENTED_EDGE('',*,*,#776,.F.);
#1012=ORIENTED_EDGE('',*,*,#781,.F.);
#1013=ORIENTED_EDGE('',*,*,#782,.T.);
#1014=ORIENTED_EDGE('',*,*,#783,.T.);
#1015=ORIENTED_EDGE('',*,*,#779,.F.);
#1016=ORIENTED_EDGE('',*,*,#784,.F.);
#1017=ORIENTED_EDGE('',*,*,#771,.T.);
#1018=ORIENTED_EDGE('',*,*,#785,.T.);
#1019=ORIENTED_EDGE('',*,*,#782,.F.);
#1020=ORIENTED_EDGE('',*,*,#785,.F.);
#1021=ORIENTED_EDGE('',*,*,#770,.F.);
#1022=ORIENTED_EDGE('',*,*,#774,.F.);
#1023=ORIENTED_EDGE('',*,*,#777,.F.);
#1024=ORIENTED_EDGE('',*,*,#780,.F.);
#1025=ORIENTED_EDGE('',*,*,#783,.F.);
#1026=ORIENTED_EDGE('',*,*,#786,.F.);
#1027=ORIENTED_EDGE('',*,*,#787,.T.);
#1028=ORIENTED_EDGE('',*,*,#788,.T.);
#1029=ORIENTED_EDGE('',*,*,#789,.T.);
#1030=ORIENTED_EDGE('',*,*,#790,.T.);
#1031=ORIENTED_EDGE('',*,*,#791,.T.);
#1032=ORIENTED_EDGE('',*,*,#792,.T.);
#1033=ORIENTED_EDGE('',*,*,#789,.F.);
#1034=ORIENTED_EDGE('',*,*,#793,.T.);
#1035=ORIENTED_EDGE('',*,*,#794,.T.);
#1036=ORIENTED_EDGE('',*,*,#795,.T.);
#1037=ORIENTED_EDGE('',*,*,#791,.F.);
#1038=ORIENTED_EDGE('',*,*,#796,.T.);
#1039=ORIENTED_EDGE('',*,*,#797,.T.);
#1040=ORIENTED_EDGE('',*,*,#798,.T.);
#1041=ORIENTED_EDGE('',*,*,#794,.F.);
#1042=ORIENTED_EDGE('',*,*,#799,.T.);
#1043=ORIENTED_EDGE('',*,*,#800,.T.);
#1044=ORIENTED_EDGE('',*,*,#801,.T.);
#1045=ORIENTED_EDGE('',*,*,#797,.F.);
#1046=ORIENTED_EDGE('',*,*,#802,.T.);
#1047=ORIENTED_EDGE('',*,*,#803,.T.);
#1048=ORIENTED_EDGE('',*,*,#804,.T.);
#1049=ORIENTED_EDGE('',*,*,#800,.F.);
#1050=ORIENTED_EDGE('',*,*,#805,.T.);
#1051=ORIENTED_EDGE('',*,*,#806,.T.);
#1052=ORIENTED_EDGE('',*,*,#807,.T.);
#1053=ORIENTED_EDGE('',*,*,#803,.F.);
#1054=ORIENTED_EDGE('',*,*,#808,.T.);
#1055=ORIENTED_EDGE('',*,*,#809,.T.);
#1056=ORIENTED_EDGE('',*,*,#810,.T.);
#1057=ORIENTED_EDGE('',*,*,#806,.F.);
#1058=ORIENTED_EDGE('',*,*,#811,.T.);
#1059=ORIENTED_EDGE('',*,*,#812,.T.);
#1060=ORIENTED_EDGE('',*,*,#813,.T.);
#1061=ORIENTED_EDGE('',*,*,#809,.F.);
#1062=ORIENTED_EDGE('',*,*,#814,.T.);
#1063=ORIENTED_EDGE('',*,*,#815,.T.);
#1064=ORIENTED_EDGE('',*,*,#816,.T.);
#1065=ORIENTED_EDGE('',*,*,#812,.F.);
#1066=ORIENTED_EDGE('',*,*,#817,.T.);
#1067=ORIENTED_EDGE('',*,*,#818,.T.);
#1068=ORIENTED_EDGE('',*,*,#819,.T.);
#1069=ORIENTED_EDGE('',*,*,#815,.F.);
#1070=ORIENTED_EDGE('',*,*,#820,.T.);
#1071=ORIENTED_EDGE('',*,*,#821,.T.);
#1072=ORIENTED_EDGE('',*,*,#822,.T.);
#1073=ORIENTED_EDGE('',*,*,#818,.F.);
#1074=ORIENTED_EDGE('',*,*,#823,.T.);
#1075=ORIENTED_EDGE('',*,*,#824,.T.);
#1076=ORIENTED_EDGE('',*,*,#825,.T.);
#1077=ORIENTED_EDGE('',*,*,#821,.F.);
#1078=ORIENTED_EDGE('',*,*,#826,.T.);
#1079=ORIENTED_EDGE('',*,*,#827,.T.);
#1080=ORIENTED_EDGE('',*,*,#828,.T.);
#1081=ORIENTED_EDGE('',*,*,#824,.F.);
#1082=ORIENTED_EDGE('',*,*,#829,.T.);
#1083=ORIENTED_EDGE('',*,*,#830,.T.);
#1084=ORIENTED_EDGE('',*,*,#831,.T.);
#1085=ORIENTED_EDGE('',*,*,#827,.F.);
#1086=ORIENTED_EDGE('',*,*,#832,.T.);
#1087=ORIENTED_EDGE('',*,*,#833,.T.);
#1088=ORIENTED_EDGE('',*,*,#834,.T.);
#1089=ORIENTED_EDGE('',*,*,#830,.F.);
#1090=ORIENTED_EDGE('',*,*,#835,.T.);
#1091=ORIENTED_EDGE('',*,*,#836,.T.);
#1092=ORIENTED_EDGE('',*,*,#837,.T.);
#1093=ORIENTED_EDGE('',*,*,#833,.F.);
#1094=ORIENTED_EDGE('',*,*,#838,.T.);
#1095=ORIENTED_EDGE('',*,*,#836,.F.);
#1096=ORIENTED_EDGE('',*,*,#839,.T.);
#1097=ORIENTED_EDGE('',*,*,#787,.F.);
#1098=ORIENTED_EDGE('',*,*,#840,.T.);
#1099=ORIENTED_EDGE('',*,*,#813,.F.);
#1100=ORIENTED_EDGE('',*,*,#816,.F.);
#1101=ORIENTED_EDGE('',*,*,#819,.F.);
#1102=ORIENTED_EDGE('',*,*,#822,.F.);
#1103=ORIENTED_EDGE('',*,*,#825,.F.);
#1104=ORIENTED_EDGE('',*,*,#841,.F.);
#1105=ORIENTED_EDGE('',*,*,#842,.F.);
#1106=ORIENTED_EDGE('',*,*,#843,.F.);
#1107=ORIENTED_EDGE('',*,*,#844,.F.);
#1108=ORIENTED_EDGE('',*,*,#845,.F.);
#1109=ORIENTED_EDGE('',*,*,#846,.F.);
#1110=ORIENTED_EDGE('',*,*,#847,.F.);
#1111=ORIENTED_EDGE('',*,*,#828,.F.);
#1112=ORIENTED_EDGE('',*,*,#848,.T.);
#1113=ORIENTED_EDGE('',*,*,#849,.F.);
#1114=ORIENTED_EDGE('',*,*,#841,.T.);
#1115=ORIENTED_EDGE('',*,*,#831,.F.);
#1116=ORIENTED_EDGE('',*,*,#834,.F.);
#1117=ORIENTED_EDGE('',*,*,#837,.F.);
#1118=ORIENTED_EDGE('',*,*,#840,.F.);
#1119=ORIENTED_EDGE('',*,*,#790,.F.);
#1120=ORIENTED_EDGE('',*,*,#850,.F.);
#1121=ORIENTED_EDGE('',*,*,#851,.F.);
#1122=ORIENTED_EDGE('',*,*,#852,.F.);
#1123=ORIENTED_EDGE('',*,*,#853,.F.);
#1124=ORIENTED_EDGE('',*,*,#854,.F.);
#1125=ORIENTED_EDGE('',*,*,#855,.F.);
#1126=ORIENTED_EDGE('',*,*,#848,.F.);
#1127=ORIENTED_EDGE('',*,*,#814,.F.);
#1128=ORIENTED_EDGE('',*,*,#811,.F.);
#1129=ORIENTED_EDGE('',*,*,#808,.F.);
#1130=ORIENTED_EDGE('',*,*,#805,.F.);
#1131=ORIENTED_EDGE('',*,*,#802,.F.);
#1132=ORIENTED_EDGE('',*,*,#799,.F.);
#1133=ORIENTED_EDGE('',*,*,#796,.F.);
#1134=ORIENTED_EDGE('',*,*,#793,.F.);
#1135=ORIENTED_EDGE('',*,*,#788,.F.);
#1136=ORIENTED_EDGE('',*,*,#856,.F.);
#1137=ORIENTED_EDGE('',*,*,#857,.T.);
#1138=ORIENTED_EDGE('',*,*,#858,.T.);
#1139=ORIENTED_EDGE('',*,*,#859,.T.);
#1140=ORIENTED_EDGE('',*,*,#860,.T.);
#1141=ORIENTED_EDGE('',*,*,#861,.T.);
#1142=ORIENTED_EDGE('',*,*,#862,.T.);
#1143=ORIENTED_EDGE('',*,*,#863,.T.);
#1144=ORIENTED_EDGE('',*,*,#864,.T.);
#1145=ORIENTED_EDGE('',*,*,#865,.T.);
#1146=ORIENTED_EDGE('',*,*,#866,.T.);
#1147=ORIENTED_EDGE('',*,*,#867,.T.);
#1148=ORIENTED_EDGE('',*,*,#849,.T.);
#1149=ORIENTED_EDGE('',*,*,#868,.T.);
#1150=ORIENTED_EDGE('',*,*,#842,.T.);
#1151=ORIENTED_EDGE('',*,*,#867,.F.);
#1152=ORIENTED_EDGE('',*,*,#869,.T.);
#1153=ORIENTED_EDGE('',*,*,#870,.T.);
#1154=ORIENTED_EDGE('',*,*,#843,.T.);
#1155=ORIENTED_EDGE('',*,*,#868,.F.);
#1156=ORIENTED_EDGE('',*,*,#871,.T.);
#1157=ORIENTED_EDGE('',*,*,#872,.T.);
#1158=ORIENTED_EDGE('',*,*,#844,.T.);
#1159=ORIENTED_EDGE('',*,*,#870,.F.);
#1160=ORIENTED_EDGE('',*,*,#873,.T.);
#1161=ORIENTED_EDGE('',*,*,#874,.T.);
#1162=ORIENTED_EDGE('',*,*,#845,.T.);
#1163=ORIENTED_EDGE('',*,*,#872,.F.);
#1164=ORIENTED_EDGE('',*,*,#875,.T.);
#1165=ORIENTED_EDGE('',*,*,#876,.T.);
#1166=ORIENTED_EDGE('',*,*,#846,.T.);
#1167=ORIENTED_EDGE('',*,*,#874,.F.);
#1168=ORIENTED_EDGE('',*,*,#877,.T.);
#1169=ORIENTED_EDGE('',*,*,#878,.T.);
#1170=ORIENTED_EDGE('',*,*,#879,.T.);
#1171=ORIENTED_EDGE('',*,*,#876,.F.);
#1172=ORIENTED_EDGE('',*,*,#880,.T.);
#1173=ORIENTED_EDGE('',*,*,#881,.T.);
#1174=ORIENTED_EDGE('',*,*,#882,.T.);
#1175=ORIENTED_EDGE('',*,*,#878,.F.);
#1176=ORIENTED_EDGE('',*,*,#883,.T.);
#1177=ORIENTED_EDGE('',*,*,#884,.T.);
#1178=ORIENTED_EDGE('',*,*,#885,.T.);
#1179=ORIENTED_EDGE('',*,*,#881,.F.);
#1180=ORIENTED_EDGE('',*,*,#886,.T.);
#1181=ORIENTED_EDGE('',*,*,#887,.T.);
#1182=ORIENTED_EDGE('',*,*,#888,.T.);
#1183=ORIENTED_EDGE('',*,*,#884,.F.);
#1184=ORIENTED_EDGE('',*,*,#889,.T.);
#1185=ORIENTED_EDGE('',*,*,#890,.T.);
#1186=ORIENTED_EDGE('',*,*,#891,.T.);
#1187=ORIENTED_EDGE('',*,*,#887,.F.);
#1188=ORIENTED_EDGE('',*,*,#892,.T.);
#1189=ORIENTED_EDGE('',*,*,#893,.T.);
#1190=ORIENTED_EDGE('',*,*,#894,.T.);
#1191=ORIENTED_EDGE('',*,*,#890,.F.);
#1192=ORIENTED_EDGE('',*,*,#895,.T.);
#1193=ORIENTED_EDGE('',*,*,#896,.T.);
#1194=ORIENTED_EDGE('',*,*,#897,.T.);
#1195=ORIENTED_EDGE('',*,*,#893,.F.);
#1196=ORIENTED_EDGE('',*,*,#898,.T.);
#1197=ORIENTED_EDGE('',*,*,#899,.T.);
#1198=ORIENTED_EDGE('',*,*,#851,.T.);
#1199=ORIENTED_EDGE('',*,*,#896,.F.);
#1200=ORIENTED_EDGE('',*,*,#900,.T.);
#1201=ORIENTED_EDGE('',*,*,#901,.T.);
#1202=ORIENTED_EDGE('',*,*,#852,.T.);
#1203=ORIENTED_EDGE('',*,*,#899,.F.);
#1204=ORIENTED_EDGE('',*,*,#902,.T.);
#1205=ORIENTED_EDGE('',*,*,#903,.T.);
#1206=ORIENTED_EDGE('',*,*,#853,.T.);
#1207=ORIENTED_EDGE('',*,*,#901,.F.);
#1208=ORIENTED_EDGE('',*,*,#904,.T.);
#1209=ORIENTED_EDGE('',*,*,#905,.T.);
#1210=ORIENTED_EDGE('',*,*,#854,.T.);
#1211=ORIENTED_EDGE('',*,*,#903,.F.);
#1212=ORIENTED_EDGE('',*,*,#906,.T.);
#1213=ORIENTED_EDGE('',*,*,#865,.F.);
#1214=ORIENTED_EDGE('',*,*,#855,.T.);
#1215=ORIENTED_EDGE('',*,*,#905,.F.);
#1216=ORIENTED_EDGE('',*,*,#907,.T.);
#1217=ORIENTED_EDGE('',*,*,#875,.F.);
#1218=ORIENTED_EDGE('',*,*,#908,.T.);
#1219=ORIENTED_EDGE('',*,*,#902,.F.);
#1220=ORIENTED_EDGE('',*,*,#909,.T.);
#1221=ORIENTED_EDGE('',*,*,#873,.F.);
#1222=ORIENTED_EDGE('',*,*,#910,.F.);
#1223=ORIENTED_EDGE('',*,*,#904,.F.);
#1224=ORIENTED_EDGE('',*,*,#908,.F.);
#1225=ORIENTED_EDGE('',*,*,#871,.F.);
#1226=ORIENTED_EDGE('',*,*,#911,.T.);
#1227=ORIENTED_EDGE('',*,*,#906,.F.);
#1228=ORIENTED_EDGE('',*,*,#910,.T.);
#1229=ORIENTED_EDGE('',*,*,#869,.F.);
#1230=ORIENTED_EDGE('',*,*,#866,.F.);
#1231=ORIENTED_EDGE('',*,*,#907,.F.);
#1232=ORIENTED_EDGE('',*,*,#911,.F.);
#1233=ORIENTED_EDGE('',*,*,#912,.T.);
#1234=ORIENTED_EDGE('',*,*,#913,.T.);
#1235=ORIENTED_EDGE('',*,*,#798,.F.);
#1236=ORIENTED_EDGE('',*,*,#914,.T.);
#1237=ORIENTED_EDGE('',*,*,#891,.F.);
#1238=ORIENTED_EDGE('',*,*,#915,.T.);
#1239=ORIENTED_EDGE('',*,*,#795,.F.);
#1240=ORIENTED_EDGE('',*,*,#915,.F.);
#1241=ORIENTED_EDGE('',*,*,#894,.F.);
#1242=ORIENTED_EDGE('',*,*,#916,.F.);
#1243=ORIENTED_EDGE('',*,*,#792,.F.);
#1244=ORIENTED_EDGE('',*,*,#916,.T.);
#1245=ORIENTED_EDGE('',*,*,#897,.F.);
#1246=ORIENTED_EDGE('',*,*,#850,.T.);
#1247=ORIENTED_EDGE('',*,*,#810,.F.);
#1248=ORIENTED_EDGE('',*,*,#847,.T.);
#1249=ORIENTED_EDGE('',*,*,#879,.F.);
#1250=ORIENTED_EDGE('',*,*,#917,.T.);
#1251=ORIENTED_EDGE('',*,*,#807,.F.);
#1252=ORIENTED_EDGE('',*,*,#917,.F.);
#1253=ORIENTED_EDGE('',*,*,#882,.F.);
#1254=ORIENTED_EDGE('',*,*,#918,.F.);
#1255=ORIENTED_EDGE('',*,*,#877,.F.);
#1256=ORIENTED_EDGE('',*,*,#909,.F.);
#1257=ORIENTED_EDGE('',*,*,#900,.F.);
#1258=ORIENTED_EDGE('',*,*,#898,.F.);
#1259=ORIENTED_EDGE('',*,*,#895,.F.);
#1260=ORIENTED_EDGE('',*,*,#892,.F.);
#1261=ORIENTED_EDGE('',*,*,#889,.F.);
#1262=ORIENTED_EDGE('',*,*,#886,.F.);
#1263=ORIENTED_EDGE('',*,*,#883,.F.);
#1264=ORIENTED_EDGE('',*,*,#880,.F.);
#1265=ORIENTED_EDGE('',*,*,#919,.T.);
#1266=ORIENTED_EDGE('',*,*,#920,.T.);
#1267=ORIENTED_EDGE('',*,*,#921,.T.);
#1268=ORIENTED_EDGE('',*,*,#922,.T.);
#1269=ORIENTED_EDGE('',*,*,#923,.T.);
#1270=ORIENTED_EDGE('',*,*,#924,.T.);
#1271=ORIENTED_EDGE('',*,*,#925,.T.);
#1272=ORIENTED_EDGE('',*,*,#926,.T.);
#1273=ORIENTED_EDGE('',*,*,#804,.F.);
#1274=ORIENTED_EDGE('',*,*,#918,.T.);
#1275=ORIENTED_EDGE('',*,*,#885,.F.);
#1276=ORIENTED_EDGE('',*,*,#927,.T.);
#1277=ORIENTED_EDGE('',*,*,#801,.F.);
#1278=ORIENTED_EDGE('',*,*,#927,.F.);
#1279=ORIENTED_EDGE('',*,*,#888,.F.);
#1280=ORIENTED_EDGE('',*,*,#914,.F.);
#1281=ORIENTED_EDGE('',*,*,#913,.F.);
#1282=ORIENTED_EDGE('',*,*,#928,.T.);
#1283=ORIENTED_EDGE('',*,*,#767,.T.);
#1284=ORIENTED_EDGE('',*,*,#928,.F.);
#1285=ORIENTED_EDGE('',*,*,#912,.F.);
#1286=ORIENTED_EDGE('',*,*,#929,.T.);
#1287=ORIENTED_EDGE('',*,*,#786,.T.);
#1288=ORIENTED_EDGE('',*,*,#929,.F.);
#1289=ORIENTED_EDGE('',*,*,#863,.F.);
#1290=ORIENTED_EDGE('',*,*,#930,.F.);
#1291=ORIENTED_EDGE('',*,*,#931,.F.);
#1292=ORIENTED_EDGE('',*,*,#932,.T.);
#1293=ORIENTED_EDGE('',*,*,#864,.F.);
#1294=ORIENTED_EDGE('',*,*,#932,.F.);
#1295=ORIENTED_EDGE('',*,*,#933,.F.);
#1296=ORIENTED_EDGE('',*,*,#934,.T.);
#1297=ORIENTED_EDGE('',*,*,#861,.F.);
#1298=ORIENTED_EDGE('',*,*,#934,.F.);
#1299=ORIENTED_EDGE('',*,*,#935,.F.);
#1300=ORIENTED_EDGE('',*,*,#936,.T.);
#1301=ORIENTED_EDGE('',*,*,#862,.F.);
#1302=ORIENTED_EDGE('',*,*,#936,.F.);
#1303=ORIENTED_EDGE('',*,*,#937,.F.);
#1304=ORIENTED_EDGE('',*,*,#930,.T.);
#1305=ORIENTED_EDGE('',*,*,#859,.F.);
#1306=ORIENTED_EDGE('',*,*,#938,.F.);
#1307=ORIENTED_EDGE('',*,*,#939,.F.);
#1308=ORIENTED_EDGE('',*,*,#940,.T.);
#1309=ORIENTED_EDGE('',*,*,#860,.F.);
#1310=ORIENTED_EDGE('',*,*,#940,.F.);
#1311=ORIENTED_EDGE('',*,*,#941,.F.);
#1312=ORIENTED_EDGE('',*,*,#942,.T.);
#1313=ORIENTED_EDGE('',*,*,#857,.F.);
#1314=ORIENTED_EDGE('',*,*,#942,.F.);
#1315=ORIENTED_EDGE('',*,*,#943,.F.);
#1316=ORIENTED_EDGE('',*,*,#944,.T.);
#1317=ORIENTED_EDGE('',*,*,#858,.F.);
#1318=ORIENTED_EDGE('',*,*,#944,.F.);
#1319=ORIENTED_EDGE('',*,*,#945,.F.);
#1320=ORIENTED_EDGE('',*,*,#938,.T.);
#1321=ORIENTED_EDGE('',*,*,#923,.F.);
#1322=ORIENTED_EDGE('',*,*,#946,.T.);
#1323=ORIENTED_EDGE('',*,*,#947,.T.);
#1324=ORIENTED_EDGE('',*,*,#948,.F.);
#1325=ORIENTED_EDGE('',*,*,#926,.F.);
#1326=ORIENTED_EDGE('',*,*,#949,.T.);
#1327=ORIENTED_EDGE('',*,*,#950,.T.);
#1328=ORIENTED_EDGE('',*,*,#946,.F.);
#1329=ORIENTED_EDGE('',*,*,#925,.F.);
#1330=ORIENTED_EDGE('',*,*,#951,.T.);
#1331=ORIENTED_EDGE('',*,*,#952,.T.);
#1332=ORIENTED_EDGE('',*,*,#949,.F.);
#1333=ORIENTED_EDGE('',*,*,#924,.F.);
#1334=ORIENTED_EDGE('',*,*,#948,.T.);
#1335=ORIENTED_EDGE('',*,*,#953,.T.);
#1336=ORIENTED_EDGE('',*,*,#951,.F.);
#1337=ORIENTED_EDGE('',*,*,#953,.F.);
#1338=ORIENTED_EDGE('',*,*,#947,.F.);
#1339=ORIENTED_EDGE('',*,*,#950,.F.);
#1340=ORIENTED_EDGE('',*,*,#952,.F.);
#1341=ORIENTED_EDGE('',*,*,#935,.T.);
#1342=ORIENTED_EDGE('',*,*,#933,.T.);
#1343=ORIENTED_EDGE('',*,*,#931,.T.);
#1344=ORIENTED_EDGE('',*,*,#937,.T.);
#1345=ORIENTED_EDGE('',*,*,#919,.F.);
#1346=ORIENTED_EDGE('',*,*,#954,.T.);
#1347=ORIENTED_EDGE('',*,*,#955,.T.);
#1348=ORIENTED_EDGE('',*,*,#956,.F.);
#1349=ORIENTED_EDGE('',*,*,#922,.F.);
#1350=ORIENTED_EDGE('',*,*,#957,.T.);
#1351=ORIENTED_EDGE('',*,*,#958,.T.);
#1352=ORIENTED_EDGE('',*,*,#954,.F.);
#1353=ORIENTED_EDGE('',*,*,#921,.F.);
#1354=ORIENTED_EDGE('',*,*,#959,.T.);
#1355=ORIENTED_EDGE('',*,*,#960,.T.);
#1356=ORIENTED_EDGE('',*,*,#957,.F.);
#1357=ORIENTED_EDGE('',*,*,#920,.F.);
#1358=ORIENTED_EDGE('',*,*,#956,.T.);
#1359=ORIENTED_EDGE('',*,*,#961,.T.);
#1360=ORIENTED_EDGE('',*,*,#959,.F.);
#1361=ORIENTED_EDGE('',*,*,#961,.F.);
#1362=ORIENTED_EDGE('',*,*,#955,.F.);
#1363=ORIENTED_EDGE('',*,*,#958,.F.);
#1364=ORIENTED_EDGE('',*,*,#960,.F.);
#1365=ORIENTED_EDGE('',*,*,#943,.T.);
#1366=ORIENTED_EDGE('',*,*,#941,.T.);
#1367=ORIENTED_EDGE('',*,*,#939,.T.);
#1368=ORIENTED_EDGE('',*,*,#945,.T.);
#1369=ORIENTED_EDGE('',*,*,#817,.F.);
#1370=ORIENTED_EDGE('',*,*,#856,.T.);
#1371=ORIENTED_EDGE('',*,*,#839,.F.);
#1372=ORIENTED_EDGE('',*,*,#962,.T.);
#1373=ORIENTED_EDGE('',*,*,#820,.F.);
#1374=ORIENTED_EDGE('',*,*,#962,.F.);
#1375=ORIENTED_EDGE('',*,*,#838,.F.);
#1376=ORIENTED_EDGE('',*,*,#963,.F.);
#1377=ORIENTED_EDGE('',*,*,#823,.F.);
#1378=ORIENTED_EDGE('',*,*,#963,.T.);
#1379=ORIENTED_EDGE('',*,*,#835,.F.);
#1380=ORIENTED_EDGE('',*,*,#964,.T.);
#1381=ORIENTED_EDGE('',*,*,#826,.F.);
#1382=ORIENTED_EDGE('',*,*,#964,.F.);
#1383=ORIENTED_EDGE('',*,*,#832,.F.);
#1384=ORIENTED_EDGE('',*,*,#829,.F.);
#1385=ORIENTED_EDGE('',*,*,#749,.T.);
#1386=ORIENTED_EDGE('',*,*,#765,.T.);
#1387=ORIENTED_EDGE('',*,*,#762,.T.);
#1388=ORIENTED_EDGE('',*,*,#759,.T.);
#1389=ORIENTED_EDGE('',*,*,#756,.T.);
#1390=ORIENTED_EDGE('',*,*,#753,.T.);
#1391=ORIENTED_EDGE('',*,*,#768,.T.);
#1392=ORIENTED_EDGE('',*,*,#784,.T.);
#1393=ORIENTED_EDGE('',*,*,#781,.T.);
#1394=ORIENTED_EDGE('',*,*,#778,.T.);
#1395=ORIENTED_EDGE('',*,*,#775,.T.);
#1396=ORIENTED_EDGE('',*,*,#772,.T.);
#1397=PLANE('',#1545);
#1398=PLANE('',#1546);
#1399=PLANE('',#1547);
#1400=PLANE('',#1548);
#1401=PLANE('',#1549);
#1402=PLANE('',#1550);
#1403=PLANE('',#1551);
#1404=PLANE('',#1553);
#1405=PLANE('',#1554);
#1406=PLANE('',#1555);
#1407=PLANE('',#1556);
#1408=PLANE('',#1557);
#1409=PLANE('',#1558);
#1410=PLANE('',#1559);
#1411=PLANE('',#1613);
#1412=PLANE('',#1618);
#1413=PLANE('',#1621);
#1414=PLANE('',#1676);
#1415=PLANE('',#1678);
#1416=PLANE('',#1682);
#1417=PLANE('',#1685);
#1418=PLANE('',#1686);
#1419=PLANE('',#1692);
#1420=PLANE('',#1695);
#1421=PLANE('',#1698);
#1422=PLANE('',#1701);
#1423=PLANE('',#1704);
#1424=PLANE('',#1707);
#1425=PLANE('',#1710);
#1426=PLANE('',#1713);
#1427=PLANE('',#1714);
#1428=PLANE('',#1717);
#1429=PLANE('',#1720);
#1430=PLANE('',#1722);
#1431=PLANE('',#1724);
#1432=ADVANCED_FACE('',(#177),#1397,.F.);
#1433=ADVANCED_FACE('',(#178),#1398,.F.);
#1434=ADVANCED_FACE('',(#179),#1399,.F.);
#1435=ADVANCED_FACE('',(#180),#1400,.F.);
#1436=ADVANCED_FACE('',(#181),#1401,.F.);
#1437=ADVANCED_FACE('',(#182),#1402,.F.);
#1438=ADVANCED_FACE('',(#183,#73),#1403,.F.);
#1439=ADVANCED_FACE('',(#184),#1404,.F.);
#1440=ADVANCED_FACE('',(#185),#1405,.F.);
#1441=ADVANCED_FACE('',(#186),#1406,.F.);
#1442=ADVANCED_FACE('',(#187),#1407,.F.);
#1443=ADVANCED_FACE('',(#188),#1408,.F.);
#1444=ADVANCED_FACE('',(#189),#1409,.F.);
#1445=ADVANCED_FACE('',(#190,#74),#1410,.F.);
#1446=ADVANCED_FACE('',(#191),#36,.T.);
#1447=ADVANCED_FACE('',(#192),#20,.T.);
#1448=ADVANCED_FACE('',(#193),#37,.T.);
#1449=ADVANCED_FACE('',(#194),#21,.T.);
#1450=ADVANCED_FACE('',(#195),#38,.T.);
#1451=ADVANCED_FACE('',(#196),#22,.T.);
#1452=ADVANCED_FACE('',(#197),#39,.T.);
#1453=ADVANCED_FACE('',(#198),#23,.T.);
#1454=ADVANCED_FACE('',(#199),#40,.T.);
#1455=ADVANCED_FACE('',(#200),#18,.F.);
#1456=ADVANCED_FACE('',(#201),#41,.T.);
#1457=ADVANCED_FACE('',(#202),#24,.T.);
#1458=ADVANCED_FACE('',(#203),#42,.T.);
#1459=ADVANCED_FACE('',(#204),#25,.T.);
#1460=ADVANCED_FACE('',(#205),#43,.T.);
#1461=ADVANCED_FACE('',(#206),#26,.T.);
#1462=ADVANCED_FACE('',(#207),#44,.T.);
#1463=ADVANCED_FACE('',(#208),#19,.F.);
#1464=ADVANCED_FACE('',(#209),#1411,.F.);
#1465=ADVANCED_FACE('',(#210),#45,.T.);
#1466=ADVANCED_FACE('',(#211),#1412,.T.);
#1467=ADVANCED_FACE('',(#212,#75,#76),#1413,.T.);
#1468=ADVANCED_FACE('',(#213),#27,.T.);
#1469=ADVANCED_FACE('',(#214),#46,.T.);
#1470=ADVANCED_FACE('',(#215),#28,.T.);
#1471=ADVANCED_FACE('',(#216),#47,.T.);
#1472=ADVANCED_FACE('',(#217),#29,.T.);
#1473=ADVANCED_FACE('',(#218),#48,.T.);
#1474=ADVANCED_FACE('',(#219),#30,.T.);
#1475=ADVANCED_FACE('',(#220),#49,.T.);
#1476=ADVANCED_FACE('',(#221),#31,.T.);
#1477=ADVANCED_FACE('',(#222),#50,.T.);
#1478=ADVANCED_FACE('',(#223),#32,.T.);
#1479=ADVANCED_FACE('',(#224),#51,.T.);
#1480=ADVANCED_FACE('',(#225),#33,.T.);
#1481=ADVANCED_FACE('',(#226),#52,.T.);
#1482=ADVANCED_FACE('',(#227),#34,.T.);
#1483=ADVANCED_FACE('',(#228),#53,.T.);
#1484=ADVANCED_FACE('',(#229),#35,.T.);
#1485=ADVANCED_FACE('',(#230),#54,.T.);
#1486=ADVANCED_FACE('',(#231),#55,.F.);
#1487=ADVANCED_FACE('',(#232),#1414,.T.);
#1488=ADVANCED_FACE('',(#233),#56,.F.);
#1489=ADVANCED_FACE('',(#234,#77,#78),#1415,.T.);
#1490=ADVANCED_FACE('',(#235),#57,.T.);
#1491=ADVANCED_FACE('',(#236),#1416,.T.);
#1492=ADVANCED_FACE('',(#237),#58,.F.);
#1493=ADVANCED_FACE('',(#238),#59,.T.);
#1494=ADVANCED_FACE('',(#239),#1417,.T.);
#1495=ADVANCED_FACE('',(#240,#79,#80),#1418,.T.);
#1496=ADVANCED_FACE('',(#241),#60,.T.);
#1497=ADVANCED_FACE('',(#242),#1419,.T.);
#1498=ADVANCED_FACE('',(#243),#61,.F.);
#1499=ADVANCED_FACE('',(#244),#62,.F.);
#1500=ADVANCED_FACE('',(#245),#1420,.F.);
#1501=ADVANCED_FACE('',(#246),#63,.F.);
#1502=ADVANCED_FACE('',(#247),#1421,.F.);
#1503=ADVANCED_FACE('',(#248),#64,.F.);
#1504=ADVANCED_FACE('',(#249),#1422,.F.);
#1505=ADVANCED_FACE('',(#250),#65,.F.);
#1506=ADVANCED_FACE('',(#251),#1423,.F.);
#1507=ADVANCED_FACE('',(#252),#66,.F.);
#1508=ADVANCED_FACE('',(#253),#1424,.F.);
#1509=ADVANCED_FACE('',(#254),#67,.F.);
#1510=ADVANCED_FACE('',(#255),#1425,.F.);
#1511=ADVANCED_FACE('',(#256),#68,.F.);
#1512=ADVANCED_FACE('',(#257,#81),#1426,.T.);
#1513=ADVANCED_FACE('',(#258),#1427,.F.);
#1514=ADVANCED_FACE('',(#259),#69,.F.);
#1515=ADVANCED_FACE('',(#260),#1428,.F.);
#1516=ADVANCED_FACE('',(#261),#70,.F.);
#1517=ADVANCED_FACE('',(#262,#82),#1429,.T.);
#1518=ADVANCED_FACE('',(#263),#71,.T.);
#1519=ADVANCED_FACE('',(#264),#1430,.T.);
#1520=ADVANCED_FACE('',(#265),#72,.T.);
#1521=ADVANCED_FACE('',(#266,#83,#84),#1431,.T.);
#1522=CLOSED_SHELL('',(#1432,#1433,#1434,#1435,#1436,#1437,#1438,#1439,
#1440,#1441,#1442,#1443,#1444,#1445,#1446,#1447,#1448,#1449,#1450,#1451,
#1452,#1453,#1454,#1455,#1456,#1457,#1458,#1459,#1460,#1461,#1462,#1463,
#1464,#1465,#1466,#1467,#1468,#1469,#1470,#1471,#1472,#1473,#1474,#1475,
#1476,#1477,#1478,#1479,#1480,#1481,#1482,#1483,#1484,#1485,#1486,#1487,
#1488,#1489,#1490,#1491,#1492,#1493,#1494,#1495,#1496,#1497,#1498,#1499,
#1500,#1501,#1502,#1503,#1504,#1505,#1506,#1507,#1508,#1509,#1510,#1511,
#1512,#1513,#1514,#1515,#1516,#1517,#1518,#1519,#1520,#1521));
#1523=DERIVED_UNIT_ELEMENT(#1526,1.);
#1524=DERIVED_UNIT_ELEMENT(#2672,-3.);
#1525=DIMENSIONAL_EXPONENTS(0.,1.,0.,0.,0.,0.,0.);
#1526=(
CONVERSION_BASED_UNIT('gram',#1528)
MASS_UNIT()
NAMED_UNIT(#1525)
);
#1527=(
MASS_UNIT()
NAMED_UNIT(*)
SI_UNIT(.KILO.,.GRAM.)
);
#1528=MASS_MEASURE_WITH_UNIT(MASS_MEASURE(0.001),#1527);
#1529=DERIVED_UNIT((#1523,#1524));
#1530=MEASURE_REPRESENTATION_ITEM('density measure',
POSITIVE_RATIO_MEASURE(1.),#1529);
#1531=PROPERTY_DEFINITION_REPRESENTATION(#1536,#1533);
#1532=PROPERTY_DEFINITION_REPRESENTATION(#1537,#1534);
#1533=REPRESENTATION('material name',(#1535),#2669);
#1534=REPRESENTATION('density',(#1530),#2669);
#1535=DESCRIPTIVE_REPRESENTATION_ITEM('Generic','Generic');
#1536=PROPERTY_DEFINITION('material property','material name',#2679);
#1537=PROPERTY_DEFINITION('material property','density of part',#2679);
#1538=DATE_TIME_ROLE('creation_date');
#1539=APPLIED_DATE_AND_TIME_ASSIGNMENT(#1540,#1538,(#2679));
#1540=DATE_AND_TIME(#1541,#1542);
#1541=CALENDAR_DATE(2024,30,7);
#1542=LOCAL_TIME(0,0,0.,#1543);
#1543=COORDINATED_UNIVERSAL_TIME_OFFSET(0,0,.BEHIND.);
#1544=AXIS2_PLACEMENT_3D('',#2211,#1725,#1726);
#1545=AXIS2_PLACEMENT_3D('',#2212,#1727,#1728);
#1546=AXIS2_PLACEMENT_3D('',#2221,#1733,#1734);
#1547=AXIS2_PLACEMENT_3D('',#2227,#1738,#1739);
#1548=AXIS2_PLACEMENT_3D('',#2233,#1743,#1744);
#1549=AXIS2_PLACEMENT_3D('',#2239,#1748,#1749);
#1550=AXIS2_PLACEMENT_3D('',#2245,#1753,#1754);
#1551=AXIS2_PLACEMENT_3D('',#2248,#1757,#1758);
#1552=AXIS2_PLACEMENT_3D('',#2250,#1759,#1760);
#1553=AXIS2_PLACEMENT_3D('',#2251,#1761,#1762);
#1554=AXIS2_PLACEMENT_3D('',#2260,#1767,#1768);
#1555=AXIS2_PLACEMENT_3D('',#2266,#1772,#1773);
#1556=AXIS2_PLACEMENT_3D('',#2272,#1777,#1778);
#1557=AXIS2_PLACEMENT_3D('',#2278,#1782,#1783);
#1558=AXIS2_PLACEMENT_3D('',#2284,#1787,#1788);
#1559=AXIS2_PLACEMENT_3D('',#2287,#1791,#1792);
#1560=AXIS2_PLACEMENT_3D('',#2289,#1793,#1794);
#1561=AXIS2_PLACEMENT_3D('',#2290,#1795,#1796);
#1562=AXIS2_PLACEMENT_3D('',#2293,#1797,#1798);
#1563=AXIS2_PLACEMENT_3D('',#2297,#1800,#1801);
#1564=AXIS2_PLACEMENT_3D('',#2299,#1803,#1804);
#1565=AXIS2_PLACEMENT_3D('',#2302,#1805,#1806);
#1566=AXIS2_PLACEMENT_3D('',#2303,#1807,#1808);
#1567=AXIS2_PLACEMENT_3D('',#2304,#1809,#1810);
#1568=AXIS2_PLACEMENT_3D('',#2305,#1811,#1812);
#1569=AXIS2_PLACEMENT_3D('',#2308,#1813,#1814);
#1570=AXIS2_PLACEMENT_3D('',#2311,#1817,#1818);
#1571=AXIS2_PLACEMENT_3D('',#2314,#1819,#1820);
#1572=AXIS2_PLACEMENT_3D('',#2315,#1821,#1822);
#1573=AXIS2_PLACEMENT_3D('',#2316,#1823,#1824);
#1574=AXIS2_PLACEMENT_3D('',#2317,#1825,#1826);
#1575=AXIS2_PLACEMENT_3D('',#2320,#1827,#1828);
#1576=AXIS2_PLACEMENT_3D('',#2323,#1831,#1832);
#1577=AXIS2_PLACEMENT_3D('',#2326,#1833,#1834);
#1578=AXIS2_PLACEMENT_3D('',#2327,#1835,#1836);
#1579=AXIS2_PLACEMENT_3D('',#2328,#1837,#1838);
#1580=AXIS2_PLACEMENT_3D('',#2329,#1839,#1840);
#1581=AXIS2_PLACEMENT_3D('',#2332,#1841,#1842);
#1582=AXIS2_PLACEMENT_3D('',#2335,#1845,#1846);
#1583=AXIS2_PLACEMENT_3D('',#2338,#1847,#1848);
#1584=AXIS2_PLACEMENT_3D('',#2339,#1849,#1850);
#1585=AXIS2_PLACEMENT_3D('',#2340,#1851,#1852);
#1586=AXIS2_PLACEMENT_3D('',#2341,#1853,#1854);
#1587=AXIS2_PLACEMENT_3D('',#2344,#1855,#1856);
#1588=AXIS2_PLACEMENT_3D('',#2358,#1859,#1860);
#1589=AXIS2_PLACEMENT_3D('',#2359,#1861,#1862);
#1590=AXIS2_PLACEMENT_3D('',#2360,#1863,#1864);
#1591=AXIS2_PLACEMENT_3D('',#2361,#1865,#1866);
#1592=AXIS2_PLACEMENT_3D('',#2364,#1867,#1868);
#1593=AXIS2_PLACEMENT_3D('',#2367,#1871,#1872);
#1594=AXIS2_PLACEMENT_3D('',#2370,#1873,#1874);
#1595=AXIS2_PLACEMENT_3D('',#2371,#1875,#1876);
#1596=AXIS2_PLACEMENT_3D('',#2372,#1877,#1878);
#1597=AXIS2_PLACEMENT_3D('',#2373,#1879,#1880);
#1598=AXIS2_PLACEMENT_3D('',#2376,#1881,#1882);
#1599=AXIS2_PLACEMENT_3D('',#2379,#1885,#1886);
#1600=AXIS2_PLACEMENT_3D('',#2382,#1887,#1888);
#1601=AXIS2_PLACEMENT_3D('',#2383,#1889,#1890);
#1602=AXIS2_PLACEMENT_3D('',#2384,#1891,#1892);
#1603=AXIS2_PLACEMENT_3D('',#2385,#1893,#1894);
#1604=AXIS2_PLACEMENT_3D('',#2388,#1895,#1896);
#1605=AXIS2_PLACEMENT_3D('',#2391,#1899,#1900);
#1606=AXIS2_PLACEMENT_3D('',#2394,#1901,#1902);
#1607=AXIS2_PLACEMENT_3D('',#2395,#1903,#1904);
#1608=AXIS2_PLACEMENT_3D('',#2396,#1905,#1906);
#1609=AXIS2_PLACEMENT_3D('',#2397,#1907,#1908);
#1610=AXIS2_PLACEMENT_3D('',#2400,#1909,#1910);
#1611=AXIS2_PLACEMENT_3D('',#2412,#1913,#1914);
#1612=AXIS2_PLACEMENT_3D('',#2413,#1915,#1916);
#1613=AXIS2_PLACEMENT_3D('',#2414,#1917,#1918);
#1614=AXIS2_PLACEMENT_3D('',#2420,#1921,#1922);
#1615=AXIS2_PLACEMENT_3D('',#2424,#1924,#1925);
#1616=AXIS2_PLACEMENT_3D('',#2428,#1928,#1929);
#1617=AXIS2_PLACEMENT_3D('',#2431,#1931,#1932);
#1618=AXIS2_PLACEMENT_3D('',#2432,#1933,#1934);
#1619=AXIS2_PLACEMENT_3D('',#2438,#1937,#1938);
#1620=AXIS2_PLACEMENT_3D('',#2442,#1940,#1941);
#1621=AXIS2_PLACEMENT_3D('',#2444,#1943,#1944);
#1622=AXIS2_PLACEMENT_3D('',#2450,#1947,#1948);
#1623=AXIS2_PLACEMENT_3D('',#2453,#1950,#1951);
#1624=AXIS2_PLACEMENT_3D('',#2458,#1953,#1954);
#1625=AXIS2_PLACEMENT_3D('',#2461,#1956,#1957);
#1626=AXIS2_PLACEMENT_3D('',#2462,#1958,#1959);
#1627=AXIS2_PLACEMENT_3D('',#2464,#1960,#1961);
#1628=AXIS2_PLACEMENT_3D('',#2466,#1962,#1963);
#1629=AXIS2_PLACEMENT_3D('',#2467,#1964,#1965);
#1630=AXIS2_PLACEMENT_3D('',#2468,#1966,#1967);
#1631=AXIS2_PLACEMENT_3D('',#2470,#1968,#1969);
#1632=AXIS2_PLACEMENT_3D('',#2472,#1971,#1972);
#1633=AXIS2_PLACEMENT_3D('',#2474,#1973,#1974);
#1634=AXIS2_PLACEMENT_3D('',#2475,#1975,#1976);
#1635=AXIS2_PLACEMENT_3D('',#2476,#1977,#1978);
#1636=AXIS2_PLACEMENT_3D('',#2478,#1979,#1980);
#1637=AXIS2_PLACEMENT_3D('',#2480,#1982,#1983);
#1638=AXIS2_PLACEMENT_3D('',#2482,#1984,#1985);
#1639=AXIS2_PLACEMENT_3D('',#2483,#1986,#1987);
#1640=AXIS2_PLACEMENT_3D('',#2484,#1988,#1989);
#1641=AXIS2_PLACEMENT_3D('',#2486,#1990,#1991);
#1642=AXIS2_PLACEMENT_3D('',#2488,#1993,#1994);
#1643=AXIS2_PLACEMENT_3D('',#2491,#1995,#1996);
#1644=AXIS2_PLACEMENT_3D('',#2492,#1997,#1998);
#1645=AXIS2_PLACEMENT_3D('',#2493,#1999,#2000);
#1646=AXIS2_PLACEMENT_3D('',#2494,#2001,#2002);
#1647=AXIS2_PLACEMENT_3D('',#2497,#2003,#2004);
#1648=AXIS2_PLACEMENT_3D('',#2500,#2007,#2008);
#1649=AXIS2_PLACEMENT_3D('',#2503,#2009,#2010);
#1650=AXIS2_PLACEMENT_3D('',#2504,#2011,#2012);
#1651=AXIS2_PLACEMENT_3D('',#2505,#2013,#2014);
#1652=AXIS2_PLACEMENT_3D('',#2506,#2015,#2016);
#1653=AXIS2_PLACEMENT_3D('',#2509,#2017,#2018);
#1654=AXIS2_PLACEMENT_3D('',#2512,#2021,#2022);
#1655=AXIS2_PLACEMENT_3D('',#2515,#2023,#2024);
#1656=AXIS2_PLACEMENT_3D('',#2516,#2025,#2026);
#1657=AXIS2_PLACEMENT_3D('',#2517,#2027,#2028);
#1658=AXIS2_PLACEMENT_3D('',#2518,#2029,#2030);
#1659=AXIS2_PLACEMENT_3D('',#2521,#2031,#2032);
#1660=AXIS2_PLACEMENT_3D('',#2524,#2035,#2036);
#1661=AXIS2_PLACEMENT_3D('',#2526,#2037,#2038);
#1662=AXIS2_PLACEMENT_3D('',#2527,#2039,#2040);
#1663=AXIS2_PLACEMENT_3D('',#2528,#2041,#2042);
#1664=AXIS2_PLACEMENT_3D('',#2529,#2043,#2044);
#1665=AXIS2_PLACEMENT_3D('',#2531,#2045,#2046);
#1666=AXIS2_PLACEMENT_3D('',#2533,#2048,#2049);
#1667=AXIS2_PLACEMENT_3D('',#2535,#2050,#2051);
#1668=AXIS2_PLACEMENT_3D('',#2536,#2052,#2053);
#1669=AXIS2_PLACEMENT_3D('',#2537,#2054,#2055);
#1670=AXIS2_PLACEMENT_3D('',#2539,#2056,#2057);
#1671=AXIS2_PLACEMENT_3D('',#2541,#2059,#2060);
#1672=AXIS2_PLACEMENT_3D('',#2543,#2061,#2062);
#1673=AXIS2_PLACEMENT_3D('',#2544,#2063,#2064);
#1674=AXIS2_PLACEMENT_3D('',#2545,#2065,#2066);
#1675=AXIS2_PLACEMENT_3D('',#2547,#2068,#2069);
#1676=AXIS2_PLACEMENT_3D('',#2550,#2072,#2073);
#1677=AXIS2_PLACEMENT_3D('',#2552,#2075,#2076);
#1678=AXIS2_PLACEMENT_3D('',#2554,#2078,#2079);
#1679=AXIS2_PLACEMENT_3D('',#2556,#2080,#2081);
#1680=AXIS2_PLACEMENT_3D('',#2558,#2082,#2083);
#1681=AXIS2_PLACEMENT_3D('',#2559,#2084,#2085);
#1682=AXIS2_PLACEMENT_3D('',#2562,#2088,#2089);
#1683=AXIS2_PLACEMENT_3D('',#2564,#2091,#2092);
#1684=AXIS2_PLACEMENT_3D('',#2565,#2093,#2094);
#1685=AXIS2_PLACEMENT_3D('',#2567,#2096,#2097);
#1686=AXIS2_PLACEMENT_3D('',#2569,#2099,#2100);
#1687=AXIS2_PLACEMENT_3D('',#2574,#2102,#2103);
#1688=AXIS2_PLACEMENT_3D('',#2577,#2105,#2106);
#1689=AXIS2_PLACEMENT_3D('',#2582,#2108,#2109);
#1690=AXIS2_PLACEMENT_3D('',#2585,#2111,#2112);
#1691=AXIS2_PLACEMENT_3D('',#2586,#2113,#2114);
#1692=AXIS2_PLACEMENT_3D('',#2588,#2116,#2117);
#1693=AXIS2_PLACEMENT_3D('',#2589,#2118,#2119);
#1694=AXIS2_PLACEMENT_3D('',#2591,#2121,#2122);
#1695=AXIS2_PLACEMENT_3D('',#2593,#2124,#2125);
#1696=AXIS2_PLACEMENT_3D('',#2599,#2129,#2130);
#1697=AXIS2_PLACEMENT_3D('',#2601,#2131,#2132);
#1698=AXIS2_PLACEMENT_3D('',#2603,#2134,#2135);
#1699=AXIS2_PLACEMENT_3D('',#2607,#2138,#2139);
#1700=AXIS2_PLACEMENT_3D('',#2608,#2140,#2141);
#1701=AXIS2_PLACEMENT_3D('',#2609,#2142,#2143);
#1702=AXIS2_PLACEMENT_3D('',#2615,#2147,#2148);
#1703=AXIS2_PLACEMENT_3D('',#2617,#2149,#2150);
#1704=AXIS2_PLACEMENT_3D('',#2619,#2152,#2153);
#1705=AXIS2_PLACEMENT_3D('',#2623,#2156,#2157);
#1706=AXIS2_PLACEMENT_3D('',#2624,#2158,#2159);
#1707=AXIS2_PLACEMENT_3D('',#2625,#2160,#2161);
#1708=AXIS2_PLACEMENT_3D('',#2631,#2165,#2166);
#1709=AXIS2_PLACEMENT_3D('',#2634,#2168,#2169);
#1710=AXIS2_PLACEMENT_3D('',#2635,#2170,#2171);
#1711=AXIS2_PLACEMENT_3D('',#2639,#2174,#2175);
#1712=AXIS2_PLACEMENT_3D('',#2640,#2176,#2177);
#1713=AXIS2_PLACEMENT_3D('',#2641,#2178,#2179);
#1714=AXIS2_PLACEMENT_3D('',#2642,#2180,#2181);
#1715=AXIS2_PLACEMENT_3D('',#2648,#2185,#2186);
#1716=AXIS2_PLACEMENT_3D('',#2651,#2188,#2189);
#1717=AXIS2_PLACEMENT_3D('',#2652,#2190,#2191);
#1718=AXIS2_PLACEMENT_3D('',#2656,#2194,#2195);
#1719=AXIS2_PLACEMENT_3D('',#2657,#2196,#2197);
#1720=AXIS2_PLACEMENT_3D('',#2658,#2198,#2199);
#1721=AXIS2_PLACEMENT_3D('',#2659,#2200,#2201);
#1722=AXIS2_PLACEMENT_3D('',#2661,#2203,#2204);
#1723=AXIS2_PLACEMENT_3D('',#2663,#2206,#2207);
#1724=AXIS2_PLACEMENT_3D('',#2665,#2209,#2210);
#1725=DIRECTION('axis',(0.,0.,1.));
#1726=DIRECTION('refdir',(1.,0.,0.));
#1727=DIRECTION('center_axis',(0.499999999999999,0.,0.866025403784439));
#1728=DIRECTION('ref_axis',(0.866025403784439,2.50695521689551E-16,-0.499999999999999));
#1729=DIRECTION('',(0.866025403784439,2.50695521689551E-16,-0.499999999999999));
#1730=DIRECTION('',(0.,1.,0.));
#1731=DIRECTION('',(0.866025403784439,2.50695521689551E-16,-0.499999999999999));
#1732=DIRECTION('',(0.,1.,0.));
#1733=DIRECTION('center_axis',(-0.500000000000001,0.,0.866025403784438));
#1734=DIRECTION('ref_axis',(0.866025403784438,-2.50695521689552E-16,0.500000000000001));
#1735=DIRECTION('',(0.866025403784438,-2.50695521689552E-16,0.500000000000001));
#1736=DIRECTION('',(0.,1.,0.));
#1737=DIRECTION('',(0.866025403784438,-2.50695521689552E-16,0.500000000000001));
#1738=DIRECTION('center_axis',(-1.,0.,-7.54025394224351E-16));
#1739=DIRECTION('ref_axis',(-7.54025394224351E-16,-5.01391043379103E-16,
1.));
#1740=DIRECTION('',(-7.54025394224351E-16,-5.01391043379103E-16,1.));
#1741=DIRECTION('',(0.,1.,0.));
#1742=DIRECTION('',(-7.54025394224351E-16,-5.01391043379103E-16,1.));
#1743=DIRECTION('center_axis',(-0.5,0.,-0.866025403784439));
#1744=DIRECTION('ref_axis',(-0.866025403784439,-2.50695521689551E-16,0.5));
#1745=DIRECTION('',(-0.866025403784439,-2.50695521689551E-16,0.5));
#1746=DIRECTION('',(0.,1.,0.));
#1747=DIRECTION('',(-0.866025403784439,-2.50695521689551E-16,0.5));
#1748=DIRECTION('center_axis',(0.5,0.,-0.866025403784439));
#1749=DIRECTION('ref_axis',(-0.866025403784438,2.50695521689552E-16,-0.5));
#1750=DIRECTION('',(-0.866025403784438,2.50695521689552E-16,-0.5));
#1751=DIRECTION('',(0.,1.,0.));
#1752=DIRECTION('',(-0.866025403784438,2.50695521689552E-16,-0.5));
#1753=DIRECTION('center_axis',(1.,0.,-2.58060230188052E-16));
#1754=DIRECTION('ref_axis',(-2.58060230188052E-16,5.01391043379103E-16,
-1.));
#1755=DIRECTION('',(-2.58060230188052E-16,5.01391043379103E-16,-1.));
#1756=DIRECTION('',(-2.58060230188052E-16,5.01391043379103E-16,-1.));
#1757=DIRECTION('center_axis',(0.,1.,0.));
#1758=DIRECTION('ref_axis',(0.,0.,1.));
#1759=DIRECTION('center_axis',(0.,-1.,0.));
#1760=DIRECTION('ref_axis',(1.,0.,0.));
#1761=DIRECTION('center_axis',(0.5,-6.40987562127855E-16,0.866025403784439));
#1762=DIRECTION('ref_axis',(0.866025403784439,2.50695521689551E-16,-0.499999999999999));
#1763=DIRECTION('',(0.866025403784439,2.50695521689551E-16,-0.499999999999999));
#1764=DIRECTION('',(0.,1.,7.40148683083438E-16));
#1765=DIRECTION('',(0.866025403784439,2.50695521689551E-16,-0.499999999999999));
#1766=DIRECTION('',(0.,1.,7.40148683083438E-16));
#1767=DIRECTION('center_axis',(-0.500000000000001,-6.40987562127854E-16,
0.866025403784438));
#1768=DIRECTION('ref_axis',(0.866025403784438,-2.50695521689552E-16,0.500000000000001));
#1769=DIRECTION('',(0.866025403784438,-2.50695521689552E-16,0.500000000000001));
#1770=DIRECTION('',(0.,1.,7.40148683083438E-16));
#1771=DIRECTION('',(0.866025403784438,-2.50695521689552E-16,0.500000000000001));
#1772=DIRECTION('center_axis',(-1.,3.08392955187784E-31,-4.16663519420217E-16));
#1773=DIRECTION('ref_axis',(-4.16663519420217E-16,-5.01391043379103E-16,
1.));
#1774=DIRECTION('',(-4.16663519420217E-16,-5.01391043379103E-16,1.));
#1775=DIRECTION('',(0.,1.,7.40148683083438E-16));
#1776=DIRECTION('',(-4.16663519420217E-16,-5.01391043379103E-16,1.));
#1777=DIRECTION('center_axis',(-0.5,6.40987562127855E-16,-0.866025403784439));
#1778=DIRECTION('ref_axis',(-0.866025403784439,-2.50695521689551E-16,0.5));
#1779=DIRECTION('',(-0.866025403784439,-2.50695521689551E-16,0.5));
#1780=DIRECTION('',(0.,1.,7.40148683083438E-16));
#1781=DIRECTION('',(-0.866025403784439,-2.50695521689551E-16,0.5));
#1782=DIRECTION('center_axis',(0.5,6.40987562127855E-16,-0.866025403784439));
#1783=DIRECTION('ref_axis',(-0.866025403784439,2.50695521689552E-16,-0.5));
#1784=DIRECTION('',(-0.866025403784439,2.50695521689552E-16,-0.5));
#1785=DIRECTION('',(0.,1.,7.40148683083438E-16));
#1786=DIRECTION('',(-0.866025403784439,2.50695521689551E-16,-0.5));
#1787=DIRECTION('center_axis',(1.,-1.83543981508364E-31,2.4798258201815E-16));
#1788=DIRECTION('ref_axis',(2.4798258201815E-16,5.01391043379103E-16,-1.));
#1789=DIRECTION('',(2.4798258201815E-16,5.01391043379103E-16,-1.));
#1790=DIRECTION('',(2.4798258201815E-16,5.01391043379103E-16,-1.));
#1791=DIRECTION('center_axis',(0.,1.,7.40148683083438E-16));
#1792=DIRECTION('ref_axis',(0.,-7.40148683083438E-16,1.));
#1793=DIRECTION('center_axis',(0.,-1.,-7.40148683083438E-16));
#1794=DIRECTION('ref_axis',(1.,0.,0.));
#1795=DIRECTION('center_axis',(0.,1.,5.00382208281761E-16));
#1796=DIRECTION('ref_axis',(0.707106781186555,0.,-0.70710678118654));
#1797=DIRECTION('center_axis',(0.,1.,0.));
#1798=DIRECTION('ref_axis',(1.,0.,0.));
#1799=DIRECTION('',(0.,1.,5.00382208281761E-16));
#1800=DIRECTION('center_axis',(0.,-1.,0.));
#1801=DIRECTION('ref_axis',(0.,0.,-1.));
#1802=DIRECTION('',(0.,-1.,-5.00382208281761E-16));
#1803=DIRECTION('center_axis',(0.,5.00382208281761E-16,-1.));
#1804=DIRECTION('ref_axis',(-1.,0.,0.));
#1805=DIRECTION('center_axis',(-0.866025403784438,-0.500000000000001,0.));
#1806=DIRECTION('ref_axis',(0.,0.,-1.));
#1807=DIRECTION('center_axis',(0.,-5.00382208281761E-16,1.));
#1808=DIRECTION('ref_axis',(-0.866025403784439,0.499999999999999,2.4980018054066E-16));
#1809=DIRECTION('center_axis',(0.,5.00382208281761E-16,-1.));
#1810=DIRECTION('ref_axis',(-0.866025403784439,0.499999999999999,2.5019110414088E-16));
#1811=DIRECTION('center_axis',(0.866025403784439,0.5,2.5019110414088E-16));
#1812=DIRECTION('ref_axis',(0.353553390593271,-0.612372435695788,-0.707106781186554));
#1813=DIRECTION('center_axis',(-0.866025403784438,-0.500000000000001,0.));
#1814=DIRECTION('ref_axis',(0.,0.,-1.));
#1815=DIRECTION('',(-0.866025403784439,-0.5,-2.5019110414088E-16));
#1816=DIRECTION('',(0.866025403784439,0.5,2.5019110414088E-16));
#1817=DIRECTION('center_axis',(0.,-5.00382208281761E-16,1.));
#1818=DIRECTION('ref_axis',(1.,0.,0.));
#1819=DIRECTION('center_axis',(0.,-1.,0.));
#1820=DIRECTION('ref_axis',(0.,0.,-1.));
#1821=DIRECTION('center_axis',(0.,5.00382208281761E-16,-1.));
#1822=DIRECTION('ref_axis',(0.866025403784438,-0.500000000000001,-2.4980018054066E-16));
#1823=DIRECTION('center_axis',(0.,-5.00382208281761E-16,1.));
#1824=DIRECTION('ref_axis',(0.866025403784438,-0.500000000000001,-2.50191104140881E-16));
#1825=DIRECTION('center_axis',(0.,1.,5.00382208281761E-16));
#1826=DIRECTION('ref_axis',(0.707106781186544,0.,-0.707106781186551));
#1827=DIRECTION('center_axis',(0.,-1.,0.));
#1828=DIRECTION('ref_axis',(0.,0.,-1.));
#1829=DIRECTION('',(0.,-1.,-5.00382208281761E-16));
#1830=DIRECTION('',(0.,1.,5.00382208281761E-16));
#1831=DIRECTION('center_axis',(0.,-5.00382208281761E-16,1.));
#1832=DIRECTION('ref_axis',(1.,0.,0.));
#1833=DIRECTION('center_axis',(1.,0.,0.));
#1834=DIRECTION('ref_axis',(0.,0.,-1.));
#1835=DIRECTION('center_axis',(0.,5.00382208281761E-16,-1.));
#1836=DIRECTION('ref_axis',(0.707106781186547,0.707106781186548,3.46944695195361E-16));
#1837=DIRECTION('center_axis',(0.,-5.00382208281761E-16,1.));
#1838=DIRECTION('ref_axis',(0.707106781186547,0.707106781186548,3.53823652661132E-16));
#1839=DIRECTION('center_axis',(1.,0.,0.));
#1840=DIRECTION('ref_axis',(0.,0.707106781186548,-0.707106781186548));
#1841=DIRECTION('center_axis',(1.,0.,0.));
#1842=DIRECTION('ref_axis',(0.,0.,-1.));
#1843=DIRECTION('',(1.,0.,0.));
#1844=DIRECTION('',(-1.,0.,0.));
#1845=DIRECTION('center_axis',(0.,-5.00382208281761E-16,1.));
#1846=DIRECTION('ref_axis',(1.,0.,0.));
#1847=DIRECTION('center_axis',(-1.77635683940026E-14,1.,0.));
#1848=DIRECTION('ref_axis',(0.,0.,-1.));
#1849=DIRECTION('center_axis',(0.,5.00382208281761E-16,-1.));
#1850=DIRECTION('ref_axis',(-0.707106781186546,0.707106781186549,3.46944695195361E-16));
#1851=DIRECTION('center_axis',(0.,-5.00382208281761E-16,1.));
#1852=DIRECTION('ref_axis',(-0.707106781186546,0.707106781186549,3.53823652661133E-16));
#1853=DIRECTION('center_axis',(0.,1.,5.00382208281761E-16));
#1854=DIRECTION('ref_axis',(-0.707106781186555,0.,-0.70710678118654));
#1855=DIRECTION('center_axis',(0.,1.,0.));
#1856=DIRECTION('ref_axis',(0.,0.,-1.));
#1857=DIRECTION('',(0.,1.,5.00382208281761E-16));
#1858=DIRECTION('',(0.,-1.,-5.00382208281761E-16));
#1859=DIRECTION('center_axis',(0.,0.624695047554422,-0.780868809443032));
#1860=DIRECTION('ref_axis',(0.,-0.780868809443032,-0.624695047554422));
#1861=DIRECTION('center_axis',(1.,0.,0.));
#1862=DIRECTION('ref_axis',(0.,-0.433188730489135,-0.901303236306855));
#1863=DIRECTION('center_axis',(-1.,0.,0.));
#1864=DIRECTION('ref_axis',(0.,-0.433188730489135,-0.901303236306855));
#1865=DIRECTION('center_axis',(0.,0.624695047554425,-0.78086880944303));
#1866=DIRECTION('ref_axis',(-0.70710678118654,-0.552157630374234,-0.441726104299397));
#1867=DIRECTION('center_axis',(0.,0.624695047554422,-0.780868809443032));
#1868=DIRECTION('ref_axis',(0.,-0.780868809443033,-0.624695047554422));
#1869=DIRECTION('',(0.,0.624695047554425,-0.78086880944303));
#1870=DIRECTION('',(0.,-0.624695047554425,0.78086880944303));
#1871=DIRECTION('center_axis',(1.,0.,0.));
#1872=DIRECTION('ref_axis',(0.,0.,-1.));
#1873=DIRECTION('center_axis',(0.,0.,-1.));
#1874=DIRECTION('ref_axis',(0.,-1.,0.));
#1875=DIRECTION('center_axis',(1.,0.,0.));
#1876=DIRECTION('ref_axis',(0.,-0.943628319160418,-0.331006941435501));
#1877=DIRECTION('center_axis',(-1.,0.,0.));
#1878=DIRECTION('ref_axis',(0.,-0.943628319160418,-0.331006941435501));
#1879=DIRECTION('center_axis',(0.,5.01391043379103E-16,-1.));
#1880=DIRECTION('ref_axis',(-0.707106781186549,-0.707106781186546,0.));
#1881=DIRECTION('center_axis',(-1.11022302462516E-15,0.,-1.));
#1882=DIRECTION('ref_axis',(0.,-1.,0.));
#1883=DIRECTION('',(0.,5.01391043379103E-16,-1.));
#1884=DIRECTION('',(0.,-5.01391043379103E-16,1.));
#1885=DIRECTION('center_axis',(0.,1.,5.01391043379103E-16));
#1886=DIRECTION('ref_axis',(0.,-5.55111512312578E-16,1.));
#1887=DIRECTION('center_axis',(0.,0.,1.));
#1888=DIRECTION('ref_axis',(0.,-1.,0.));
#1889=DIRECTION('center_axis',(0.,-1.,-5.01391043379103E-16));
#1890=DIRECTION('ref_axis',(0.,-5.03069808033274E-16,1.));
#1891=DIRECTION('center_axis',(0.,1.,5.01391043379103E-16));
#1892=DIRECTION('ref_axis',(0.,-5.01391043379103E-16,1.));
#1893=DIRECTION('center_axis',(0.,5.01391043379103E-16,-1.));
#1894=DIRECTION('ref_axis',(0.707106781186549,-0.707106781186546,0.));
#1895=DIRECTION('center_axis',(0.,0.,1.));
#1896=DIRECTION('ref_axis',(0.,-1.,0.));
#1897=DIRECTION('',(0.,-5.01391043379103E-16,1.));
#1898=DIRECTION('',(0.,5.01391043379103E-16,-1.));
#1899=DIRECTION('center_axis',(-1.,0.,0.));
#1900=DIRECTION('ref_axis',(0.,0.,1.));
#1901=DIRECTION('center_axis',(0.,-0.624695047554423,0.780868809443031));
#1902=DIRECTION('ref_axis',(0.,-0.780868809443031,-0.624695047554423));
#1903=DIRECTION('center_axis',(-1.,0.,0.));
#1904=DIRECTION('ref_axis',(0.,-0.943628319160418,-0.331006941435501));
#1905=DIRECTION('center_axis',(1.,0.,0.));
#1906=DIRECTION('ref_axis',(0.,-0.943628319160418,-0.331006941435501));
#1907=DIRECTION('center_axis',(0.,-0.624695047554425,0.78086880944303));
#1908=DIRECTION('ref_axis',(0.70710678118654,-0.552157630374234,-0.441726104299397));
#1909=DIRECTION('center_axis',(0.,-0.62469504755442,0.780868809443034));
#1910=DIRECTION('ref_axis',(0.,-0.780868809443034,-0.62469504755442));
#1911=DIRECTION('',(0.,-0.624695047554425,0.78086880944303));
#1912=DIRECTION('',(0.,0.624695047554425,-0.78086880944303));
#1913=DIRECTION('center_axis',(1.,0.,0.));
#1914=DIRECTION('ref_axis',(0.,-0.433188730489135,-0.901303236306855));
#1915=DIRECTION('center_axis',(-1.,0.,0.));
#1916=DIRECTION('ref_axis',(0.,-0.433188730489135,-0.901303236306855));
#1917=DIRECTION('center_axis',(1.,0.,0.));
#1918=DIRECTION('ref_axis',(0.,0.,-1.));
#1919=DIRECTION('',(0.,-1.,-5.51091059616309E-16));
#1920=DIRECTION('',(0.,-1.53134210293124E-16,1.));
#1921=DIRECTION('center_axis',(-1.,0.,0.));
#1922=DIRECTION('ref_axis',(0.,-0.943628319160418,-0.331006941435501));
#1923=DIRECTION('',(0.,-0.624695047554424,0.78086880944303));
#1924=DIRECTION('center_axis',(-1.,0.,0.));
#1925=DIRECTION('ref_axis',(0.,-0.433188730489134,-0.901303236306856));
#1926=DIRECTION('',(0.,-1.,-2.65127886477649E-16));
#1927=DIRECTION('',(0.,-4.44089209850063E-15,1.));
#1928=DIRECTION('center_axis',(0.,-1.,-5.51091059616309E-16));
#1929=DIRECTION('ref_axis',(0.707106781186548,-7.85046229341888E-16,0.707106781186547));
#1930=DIRECTION('',(0.,1.,5.51091059616309E-16));
#1931=DIRECTION('center_axis',(0.,1.,1.53134210293124E-16));
#1932=DIRECTION('ref_axis',(0.,-1.56125112837913E-16,1.));
#1933=DIRECTION('center_axis',(1.,0.,0.));
#1934=DIRECTION('ref_axis',(0.,0.,-1.));
#1935=DIRECTION('',(0.,0.,-1.));
#1936=DIRECTION('',(0.,1.,2.65127886477649E-16));
#1937=DIRECTION('center_axis',(1.,0.,0.));
#1938=DIRECTION('ref_axis',(0.,-0.433188730489134,-0.901303236306856));
#1939=DIRECTION('',(0.,0.624695047554424,-0.78086880944303));
#1940=DIRECTION('center_axis',(1.,0.,0.));
#1941=DIRECTION('ref_axis',(0.,-0.943628319160418,-0.331006941435501));
#1942=DIRECTION('',(0.,1.53134210293124E-16,-1.));
#1943=DIRECTION('center_axis',(0.,5.00382208281761E-16,-1.));
#1944=DIRECTION('ref_axis',(0.,1.,5.00382208281761E-16));
#1945=DIRECTION('',(1.,0.,0.));
#1946=DIRECTION('',(0.,1.,5.00382208281761E-16));
#1947=DIRECTION('center_axis',(0.,-5.00382208281761E-16,1.));
#1948=DIRECTION('ref_axis',(1.,0.,0.));
#1949=DIRECTION('',(0.,-1.,-5.00382208281761E-16));
#1950=DIRECTION('center_axis',(0.,-5.00382208281761E-16,1.));
#1951=DIRECTION('ref_axis',(-1.,0.,0.));
#1952=DIRECTION('',(2.22044604925031E-16,1.,5.00382208281761E-16));
#1953=DIRECTION('center_axis',(0.,-5.00382208281761E-16,1.));
#1954=DIRECTION('ref_axis',(1.,0.,0.));
#1955=DIRECTION('',(-4.44089209850063E-16,-1.,-5.00382208281761E-16));
#1956=DIRECTION('center_axis',(0.,-5.00382208281761E-16,1.));
#1957=DIRECTION('ref_axis',(-1.,0.,0.));
#1958=DIRECTION('center_axis',(0.,-1.,-1.53134210293124E-16));
#1959=DIRECTION('ref_axis',(0.,-1.66533453693773E-16,1.));
#1960=DIRECTION('center_axis',(0.,0.,1.));
#1961=DIRECTION('ref_axis',(1.,0.,0.));
#1962=DIRECTION('center_axis',(0.,-1.,-1.53134210293124E-16));
#1963=DIRECTION('ref_axis',(0.,-1.53134210293124E-16,1.));
#1964=DIRECTION('center_axis',(0.,0.,1.));
#1965=DIRECTION('ref_axis',(0.,1.,0.));
#1966=DIRECTION('center_axis',(0.,-1.53134210293124E-16,1.));
#1967=DIRECTION('ref_axis',(-0.707106781186549,0.707106781186546,0.));
#1968=DIRECTION('center_axis',(0.,0.,1.));
#1969=DIRECTION('ref_axis',(0.,1.,0.));
#1970=DIRECTION('',(0.,1.53134210293124E-16,-1.));
#1971=DIRECTION('center_axis',(-1.,0.,0.));
#1972=DIRECTION('ref_axis',(0.,0.,1.));
#1973=DIRECTION('center_axis',(0.,-0.624695047554421,0.780868809443033));
#1974=DIRECTION('ref_axis',(0.,0.780868809443033,0.624695047554421));
#1975=DIRECTION('center_axis',(1.,0.,0.));
#1976=DIRECTION('ref_axis',(0.,-0.943628319160418,-0.331006941435501));
#1977=DIRECTION('center_axis',(0.,-0.624695047554424,0.78086880944303));
#1978=DIRECTION('ref_axis',(-0.70710678118655,0.552157630374236,0.441726104299378));
#1979=DIRECTION('center_axis',(0.,-0.624695047554427,0.780868809443029));
#1980=DIRECTION('ref_axis',(0.,0.780868809443029,0.624695047554427));
#1981=DIRECTION('',(0.,0.624695047554424,-0.78086880944303));
#1982=DIRECTION('center_axis',(-1.,0.,0.));
#1983=DIRECTION('ref_axis',(0.,0.,1.));
#1984=DIRECTION('center_axis',(0.,-1.,0.));
#1985=DIRECTION('ref_axis',(0.,0.,1.));
#1986=DIRECTION('center_axis',(1.,0.,0.));
#1987=DIRECTION('ref_axis',(0.,-0.433188730489134,-0.901303236306856));
#1988=DIRECTION('center_axis',(0.,-1.,-2.65127886477649E-16));
#1989=DIRECTION('ref_axis',(-0.707106781186543,0.,0.707106781186553));
#1990=DIRECTION('center_axis',(0.,-1.,0.));
#1991=DIRECTION('ref_axis',(0.,0.,1.));
#1992=DIRECTION('',(0.,1.,2.65127886477649E-16));
#1993=DIRECTION('center_axis',(0.,2.65127886477649E-16,-1.));
#1994=DIRECTION('ref_axis',(-1.,0.,0.));
#1995=DIRECTION('center_axis',(-1.,0.,0.));
#1996=DIRECTION('ref_axis',(0.,0.,1.));
#1997=DIRECTION('center_axis',(0.,-2.65127886477649E-16,1.));
#1998=DIRECTION('ref_axis',(-0.707106781186547,0.707106781186548,1.94289029309402E-16));
#1999=DIRECTION('center_axis',(0.,2.65127886477649E-16,-1.));
#2000=DIRECTION('ref_axis',(-0.707106781186547,0.707106781186548,1.87473726410003E-16));
#2001=DIRECTION('center_axis',(1.,0.,0.));
#2002=DIRECTION('ref_axis',(0.,0.707106781186548,0.707106781186548));
#2003=DIRECTION('center_axis',(-1.,0.,0.));
#2004=DIRECTION('ref_axis',(0.,0.,1.));
#2005=DIRECTION('',(-1.,0.,0.));
#2006=DIRECTION('',(1.,0.,0.));
#2007=DIRECTION('center_axis',(0.,2.65127886477649E-16,-1.));
#2008=DIRECTION('ref_axis',(-1.,0.,0.));
#2009=DIRECTION('center_axis',(0.,1.,0.));
#2010=DIRECTION('ref_axis',(0.,0.,1.));
#2011=DIRECTION('center_axis',(0.,-2.65127886477649E-16,1.));
#2012=DIRECTION('ref_axis',(0.707106781186547,0.707106781186548,1.94289029309402E-16));
#2013=DIRECTION('center_axis',(0.,2.65127886477649E-16,-1.));
#2014=DIRECTION('ref_axis',(0.707106781186547,0.707106781186548,1.87473726410003E-16));
#2015=DIRECTION('center_axis',(0.,1.,2.65127886477649E-16));
#2016=DIRECTION('ref_axis',(0.707106781186544,0.,0.707106781186551));
#2017=DIRECTION('center_axis',(0.,1.,0.));
#2018=DIRECTION('ref_axis',(0.,0.,1.));
#2019=DIRECTION('',(0.,1.,2.65127886477649E-16));
#2020=DIRECTION('',(0.,-1.,-2.65127886477649E-16));
#2021=DIRECTION('center_axis',(0.,2.65127886477649E-16,-1.));
#2022=DIRECTION('ref_axis',(-1.,0.,0.));
#2023=DIRECTION('center_axis',(0.866025403784441,0.499999999999996,0.));
#2024=DIRECTION('ref_axis',(0.,0.,1.));
#2025=DIRECTION('center_axis',(0.,-2.65127886477649E-16,1.));
#2026=DIRECTION('ref_axis',(0.866025403784439,-0.5,-1.38777878078145E-16));
#2027=DIRECTION('center_axis',(0.,2.65127886477649E-16,-1.));
#2028=DIRECTION('ref_axis',(0.866025403784439,-0.5,-1.32563943238825E-16));
#2029=DIRECTION('center_axis',(0.866025403784439,0.5,1.32563943238825E-16));
#2030=DIRECTION('ref_axis',(0.353553390593283,-0.612372435695798,0.70710678118654));
#2031=DIRECTION('center_axis',(0.866025403784441,0.499999999999996,0.));
#2032=DIRECTION('ref_axis',(0.,0.,1.));
#2033=DIRECTION('',(0.866025403784439,0.5,1.32563943238825E-16));
#2034=DIRECTION('',(-0.866025403784439,-0.5,-1.32563943238825E-16));
#2035=DIRECTION('center_axis',(0.,-2.65127886477649E-16,1.));
#2036=DIRECTION('ref_axis',(1.,0.,0.));
#2037=DIRECTION('center_axis',(0.,1.,0.));
#2038=DIRECTION('ref_axis',(0.,0.,1.));
#2039=DIRECTION('center_axis',(0.,2.65127886477649E-16,-1.));
#2040=DIRECTION('ref_axis',(-0.866025403784439,0.5,1.38777878078145E-16));
#2041=DIRECTION('center_axis',(0.,-2.65127886477649E-16,1.));
#2042=DIRECTION('ref_axis',(-0.866025403784439,0.5,1.32563943238825E-16));
#2043=DIRECTION('center_axis',(0.,-1.,-2.65127886477649E-16));
#2044=DIRECTION('ref_axis',(0.707106781186543,0.,0.707106781186552));
#2045=DIRECTION('center_axis',(0.,1.,4.44089209850064E-15));
#2046=DIRECTION('ref_axis',(0.,-4.44089209850064E-15,1.));
#2047=DIRECTION('',(0.,-1.,-2.65127886477649E-16));
#2048=DIRECTION('center_axis',(1.,0.,0.));
#2049=DIRECTION('ref_axis',(0.,0.,-1.));
#2050=DIRECTION('center_axis',(0.,0.624695047554429,-0.780868809443027));
#2051=DIRECTION('ref_axis',(0.,0.780868809443027,0.624695047554429));
#2052=DIRECTION('center_axis',(-1.,0.,0.));
#2053=DIRECTION('ref_axis',(0.,-0.433188730489134,-0.901303236306856));
#2054=DIRECTION('center_axis',(0.,0.624695047554424,-0.78086880944303));
#2055=DIRECTION('ref_axis',(0.70710678118655,0.552157630374235,0.441726104299378));
#2056=DIRECTION('center_axis',(0.,0.624695047554426,-0.780868809443029));
#2057=DIRECTION('ref_axis',(0.,0.780868809443029,0.624695047554426));
#2058=DIRECTION('',(0.,-0.624695047554424,0.78086880944303));
#2059=DIRECTION('center_axis',(1.,0.,0.));
#2060=DIRECTION('ref_axis',(0.,0.,-1.));
#2061=DIRECTION('center_axis',(0.,0.,-1.));
#2062=DIRECTION('ref_axis',(0.,1.,0.));
#2063=DIRECTION('center_axis',(-1.,0.,0.));
#2064=DIRECTION('ref_axis',(0.,-0.943628319160418,-0.331006941435501));
#2065=DIRECTION('center_axis',(0.,-1.53134210293124E-16,1.));
#2066=DIRECTION('ref_axis',(0.707106781186547,0.707106781186548,0.));
#2067=DIRECTION('',(0.,-1.53134210293124E-16,1.));
#2068=DIRECTION('center_axis',(-1.,0.,0.));
#2069=DIRECTION('ref_axis',(0.,-0.433188730489133,-0.901303236306856));
#2070=DIRECTION('',(1.,0.,0.));
#2071=DIRECTION('',(-1.,0.,0.));
#2072=DIRECTION('center_axis',(0.,0.78086880944303,0.624695047554424));
#2073=DIRECTION('ref_axis',(1.,0.,0.));
#2074=DIRECTION('',(-1.,0.,0.));
#2075=DIRECTION('center_axis',(1.,0.,0.));
#2076=DIRECTION('ref_axis',(0.,-0.943628319160418,-0.331006941435501));
#2077=DIRECTION('',(1.,0.,0.));
#2078=DIRECTION('center_axis',(0.,1.,1.53134210293124E-16));
#2079=DIRECTION('ref_axis',(0.,-1.53134210293124E-16,1.));
#2080=DIRECTION('center_axis',(0.,-1.,-1.53134210293124E-16));
#2081=DIRECTION('ref_axis',(1.,0.,0.));
#2082=DIRECTION('center_axis',(0.,-1.,-1.53134210293124E-16));
#2083=DIRECTION('ref_axis',(1.,0.,0.));
#2084=DIRECTION('center_axis',(0.,0.,-1.));
#2085=DIRECTION('ref_axis',(0.866025403784438,-0.500000000000001,0.));
#2086=DIRECTION('',(0.,0.,1.));
#2087=DIRECTION('',(0.,0.,-1.));
#2088=DIRECTION('center_axis',(0.5,-0.866025403784439,0.));
#2089=DIRECTION('ref_axis',(-0.866025403784439,-0.5,-1.32563943238825E-16));
#2090=DIRECTION('',(0.,0.,1.));
#2091=DIRECTION('center_axis',(0.,0.,1.));
#2092=DIRECTION('ref_axis',(-0.866025403784439,0.5,0.));
#2093=DIRECTION('center_axis',(0.,-4.44089209850063E-15,1.));
#2094=DIRECTION('ref_axis',(-0.707106781186547,0.707106781186547,2.51214793389404E-15));
#2095=DIRECTION('',(0.,4.44089209850063E-15,-1.));
#2096=DIRECTION('center_axis',(0.,1.,4.44089209850063E-15));
#2097=DIRECTION('ref_axis',(0.,-4.44089209850063E-15,1.));
#2098=DIRECTION('',(0.,-4.44089209850063E-15,1.));
#2099=DIRECTION('center_axis',(0.,-2.65127886477649E-16,1.));
#2100=DIRECTION('ref_axis',(0.,-1.,-2.65127886477649E-16));
#2101=DIRECTION('',(0.,-1.,-2.65127886477649E-16));
#2102=DIRECTION('center_axis',(0.,2.65127886477649E-16,-1.));
#2103=DIRECTION('ref_axis',(-1.,0.,0.));
#2104=DIRECTION('',(-5.55111512312578E-17,1.,2.65127886477649E-16));
#2105=DIRECTION('center_axis',(0.,2.65127886477649E-16,-1.));
#2106=DIRECTION('ref_axis',(1.,1.48029736616688E-15,0.));
#2107=DIRECTION('',(0.,-1.,-2.65127886477649E-16));
#2108=DIRECTION('center_axis',(0.,2.65127886477649E-16,-1.));
#2109=DIRECTION('ref_axis',(-1.,0.,0.));
#2110=DIRECTION('',(0.,1.,2.65127886477649E-16));
#2111=DIRECTION('center_axis',(0.,2.65127886477649E-16,-1.));
#2112=DIRECTION('ref_axis',(1.,0.,0.));
#2113=DIRECTION('center_axis',(0.,4.44089209850063E-15,-1.));
#2114=DIRECTION('ref_axis',(0.707106781186547,0.707106781186547,2.51214793389404E-15));
#2115=DIRECTION('',(0.,4.44089209850063E-15,-1.));
#2116=DIRECTION('center_axis',(1.,0.,0.));
#2117=DIRECTION('ref_axis',(0.,-1.,-2.65127886477649E-16));
#2118=DIRECTION('center_axis',(0.,-1.,0.));
#2119=DIRECTION('ref_axis',(1.,0.,0.));
#2120=DIRECTION('',(0.,-1.,0.));
#2121=DIRECTION('center_axis',(0.,-1.,-1.85037170770858E-16));
#2122=DIRECTION('ref_axis',(1.,0.,0.));
#2123=DIRECTION('',(0.,-1.,-1.85037170770858E-16));
#2124=DIRECTION('center_axis',(-1.,4.44089209850063E-16,0.));
#2125=DIRECTION('ref_axis',(4.44089209850063E-16,1.,2.65127886477649E-16));
#2126=DIRECTION('',(0.,0.,-1.));
#2127=DIRECTION('',(4.44089209850063E-16,1.,2.65127886477649E-16));
#2128=DIRECTION('',(0.,0.,-1.));
#2129=DIRECTION('center_axis',(0.,0.,-1.));
#2130=DIRECTION('ref_axis',(-1.,0.,0.));
#2131=DIRECTION('center_axis',(0.,2.65127886477649E-16,-1.));
#2132=DIRECTION('ref_axis',(-1.,0.,0.));
#2133=DIRECTION('',(0.,0.,-1.));
#2134=DIRECTION('center_axis',(1.,-2.22044604925031E-16,0.));
#2135=DIRECTION('ref_axis',(-2.22044604925031E-16,-1.,-2.65127886477649E-16));
#2136=DIRECTION('',(-2.22044604925031E-16,-1.,-2.65127886477649E-16));
#2137=DIRECTION('',(0.,0.,-1.));
#2138=DIRECTION('center_axis',(0.,0.,-1.));
#2139=DIRECTION('ref_axis',(1.,0.,0.));
#2140=DIRECTION('center_axis',(0.,2.65127886477649E-16,-1.));
#2141=DIRECTION('ref_axis',(1.,0.,0.));
#2142=DIRECTION('center_axis',(-1.,0.,0.));
#2143=DIRECTION('ref_axis',(0.,1.,2.65127886477649E-16));
#2144=DIRECTION('',(0.,0.,-1.));
#2145=DIRECTION('',(0.,1.,2.65127886477649E-16));
#2146=DIRECTION('',(0.,0.,-1.));
#2147=DIRECTION('center_axis',(0.,0.,-1.));
#2148=DIRECTION('ref_axis',(-1.,0.,0.));
#2149=DIRECTION('center_axis',(0.,2.65127886477649E-16,-1.));
#2150=DIRECTION('ref_axis',(-1.,0.,0.));
#2151=DIRECTION('',(0.,0.,-1.));
#2152=DIRECTION('center_axis',(1.,0.,0.));
#2153=DIRECTION('ref_axis',(0.,-1.,-2.65127886477649E-16));
#2154=DIRECTION('',(0.,-1.,-2.65127886477649E-16));
#2155=DIRECTION('',(0.,0.,-1.));
#2156=DIRECTION('center_axis',(0.,0.,-1.));
#2157=DIRECTION('ref_axis',(1.,0.,0.));
#2158=DIRECTION('center_axis',(0.,2.65127886477649E-16,-1.));
#2159=DIRECTION('ref_axis',(1.,0.,0.));
#2160=DIRECTION('center_axis',(1.,0.,0.));
#2161=DIRECTION('ref_axis',(0.,-1.,-2.65127886477649E-16));
#2162=DIRECTION('',(0.,0.,-1.));
#2163=DIRECTION('',(0.,-1.,-2.65127886477649E-16));
#2164=DIRECTION('',(0.,0.,-1.));
#2165=DIRECTION('center_axis',(0.,0.,-1.));
#2166=DIRECTION('ref_axis',(1.,0.,0.));
#2167=DIRECTION('',(0.,0.,-1.));
#2168=DIRECTION('center_axis',(0.,2.65127886477649E-16,-1.));
#2169=DIRECTION('ref_axis',(1.,0.,0.));
#2170=DIRECTION('center_axis',(-1.,0.,0.));
#2171=DIRECTION('ref_axis',(0.,1.,2.65127886477649E-16));
#2172=DIRECTION('',(0.,0.,-1.));
#2173=DIRECTION('',(0.,1.,2.65127886477649E-16));
#2174=DIRECTION('center_axis',(0.,0.,-1.));
#2175=DIRECTION('ref_axis',(-1.,0.,0.));
#2176=DIRECTION('center_axis',(0.,2.65127886477649E-16,-1.));
#2177=DIRECTION('ref_axis',(-1.,0.,0.));
#2178=DIRECTION('center_axis',(0.,-2.65127886477649E-16,1.));
#2179=DIRECTION('ref_axis',(1.,0.,0.));
#2180=DIRECTION('center_axis',(1.,0.,0.));
#2181=DIRECTION('ref_axis',(0.,-1.,-2.65127886477649E-16));
#2182=DIRECTION('',(0.,0.,-1.));
#2183=DIRECTION('',(0.,-1.,-2.65127886477649E-16));
#2184=DIRECTION('',(0.,0.,-1.));
#2185=DIRECTION('center_axis',(0.,0.,-1.));
#2186=DIRECTION('ref_axis',(1.,1.48029736616688E-15,0.));
#2187=DIRECTION('',(0.,0.,-1.));
#2188=DIRECTION('center_axis',(0.,2.65127886477649E-16,-1.));
#2189=DIRECTION('ref_axis',(1.,1.48029736616688E-15,3.92468112050255E-31));
#2190=DIRECTION('center_axis',(-1.,-5.55111512312578E-17,0.));
#2191=DIRECTION('ref_axis',(-5.55111512312578E-17,1.,2.65127886477649E-16));
#2192=DIRECTION('',(0.,0.,-1.));
#2193=DIRECTION('',(-5.55111512312578E-17,1.,2.65127886477649E-16));
#2194=DIRECTION('center_axis',(0.,0.,-1.));
#2195=DIRECTION('ref_axis',(-1.,0.,0.));
#2196=DIRECTION('center_axis',(0.,2.65127886477649E-16,-1.));
#2197=DIRECTION('ref_axis',(-1.,0.,0.));
#2198=DIRECTION('center_axis',(0.,-2.65127886477649E-16,1.));
#2199=DIRECTION('ref_axis',(1.,0.,0.));
#2200=DIRECTION('center_axis',(1.,0.,0.));
#2201=DIRECTION('ref_axis',(0.,-0.433188730489135,-0.901303236306856));
#2202=DIRECTION('',(-1.,0.,0.));
#2203=DIRECTION('center_axis',(0.,-0.78086880944303,-0.624695047554425));
#2204=DIRECTION('ref_axis',(-1.,0.,0.));
#2205=DIRECTION('',(1.,0.,0.));
#2206=DIRECTION('center_axis',(-1.,0.,0.));
#2207=DIRECTION('ref_axis',(0.,-0.943628319160418,-0.331006941435501));
#2208=DIRECTION('',(-1.,0.,0.));
#2209=DIRECTION('center_axis',(0.,-1.,-5.01391043379103E-16));
#2210=DIRECTION('ref_axis',(0.,5.01391043379103E-16,-1.));
#2211=CARTESIAN_POINT('',(0.,0.,0.));
#2212=CARTESIAN_POINT('Origin',(4.,-4.00000000000002,-12.7091034656191));
#2213=CARTESIAN_POINT('',(4.,-4.00000000000002,-12.7091034656191));
#2214=CARTESIAN_POINT('',(6.85,-4.00000000000001,-14.3545517328096));
#2215=CARTESIAN_POINT('',(-0.251601615137753,-4.00000000000002,-10.2544401286323));
#2216=CARTESIAN_POINT('',(4.,-2.50000000000002,-12.7091034656191));
#2217=CARTESIAN_POINT('',(4.,-4.00000000000002,-12.7091034656191));
#2218=CARTESIAN_POINT('',(6.85,-2.50000000000001,-14.3545517328096));
#2219=CARTESIAN_POINT('',(6.85,-2.50000000000001,-14.3545517328096));
#2220=CARTESIAN_POINT('',(6.85,-4.00000000000001,-14.3545517328096));
#2221=CARTESIAN_POINT('Origin',(1.15,-4.00000000000001,-14.3545517328096));
#2222=CARTESIAN_POINT('',(1.15,-4.00000000000001,-14.3545517328096));
#2223=CARTESIAN_POINT('',(3.82660161513776,-4.00000000000002,-12.8092150697964));
#2224=CARTESIAN_POINT('',(1.15,-2.50000000000001,-14.3545517328096));
#2225=CARTESIAN_POINT('',(1.15,-4.00000000000001,-14.3545517328096));
#2226=CARTESIAN_POINT('',(4.,-2.50000000000002,-12.7091034656191));
#2227=CARTESIAN_POINT('Origin',(1.15,-4.00000000000001,-17.6454482671904));
#2228=CARTESIAN_POINT('',(1.15,-4.00000000000001,-17.6454482671904));
#2229=CARTESIAN_POINT('',(1.15,-4.00000000000002,-8.82272413359522));
#2230=CARTESIAN_POINT('',(1.15,-2.50000000000001,-17.6454482671904));
#2231=CARTESIAN_POINT('',(1.15,-4.00000000000001,-17.6454482671904));
#2232=CARTESIAN_POINT('',(1.15,-2.50000000000001,-14.3545517328096));
#2233=CARTESIAN_POINT('Origin',(4.,-4.00000000000001,-19.2908965343809));
#2234=CARTESIAN_POINT('',(4.,-4.00000000000001,-19.2908965343809));
#2235=CARTESIAN_POINT('',(-1.67660161513775,-4.00000000000001,-16.0135090637988));
#2236=CARTESIAN_POINT('',(4.,-2.50000000000001,-19.2908965343809));
#2237=CARTESIAN_POINT('',(4.,-4.00000000000001,-19.2908965343809));
#2238=CARTESIAN_POINT('',(1.15,-2.50000000000001,-17.6454482671904));
#2239=CARTESIAN_POINT('Origin',(6.85,-4.00000000000001,-17.6454482671904));
#2240=CARTESIAN_POINT('',(6.85,-4.00000000000001,-17.6454482671904));
#2241=CARTESIAN_POINT('',(8.10160161513776,-4.00000000000001,-16.9228357377725));
#2242=CARTESIAN_POINT('',(6.85,-2.50000000000001,-17.6454482671904));
#2243=CARTESIAN_POINT('',(6.85,-4.00000000000001,-17.6454482671904));
#2244=CARTESIAN_POINT('',(4.,-2.50000000000001,-19.2908965343809));
#2245=CARTESIAN_POINT('Origin',(6.85,-4.00000000000001,-14.3545517328096));
#2246=CARTESIAN_POINT('',(6.85000000000001,-4.00000000000002,-7.17727586640479));
#2247=CARTESIAN_POINT('',(6.85,-2.50000000000001,-17.6454482671904));
#2248=CARTESIAN_POINT('Origin',(4.,-2.50000000000001,-16.));
#2249=CARTESIAN_POINT('',(2.25,-2.50000000000001,-16.));
#2250=CARTESIAN_POINT('Origin',(4.,-2.50000000000001,-16.));
#2251=CARTESIAN_POINT('Origin',(4.,-4.00000000000002,-0.709103465619135));
#2252=CARTESIAN_POINT('',(4.,-4.00000000000002,-0.709103465619135));
#2253=CARTESIAN_POINT('',(6.85,-4.00000000000002,-2.35455173280957));
#2254=CARTESIAN_POINT('',(2.34647459621556,-4.00000000000002,0.245559871367694));
#2255=CARTESIAN_POINT('',(4.,-2.50000000000002,-0.709103465619134));
#2256=CARTESIAN_POINT('',(4.,-4.00000000000002,-0.709103465619135));
#2257=CARTESIAN_POINT('',(6.85,-2.50000000000002,-2.35455173280957));
#2258=CARTESIAN_POINT('',(6.85,-2.50000000000002,-2.35455173280957));
#2259=CARTESIAN_POINT('',(6.85,-4.00000000000002,-2.35455173280957));
#2260=CARTESIAN_POINT('Origin',(1.15,-4.00000000000002,-2.35455173280957));
#2261=CARTESIAN_POINT('',(1.15,-4.00000000000002,-2.35455173280957));
#2262=CARTESIAN_POINT('',(1.22852540378444,-4.00000000000002,-2.3092150697964));
#2263=CARTESIAN_POINT('',(1.15,-2.50000000000002,-2.35455173280957));
#2264=CARTESIAN_POINT('',(1.15,-4.00000000000002,-2.35455173280957));
#2265=CARTESIAN_POINT('',(4.,-2.50000000000002,-0.709103465619134));
#2266=CARTESIAN_POINT('Origin',(1.15,-4.00000000000002,-5.64544826719044));
#2267=CARTESIAN_POINT('',(1.15,-4.00000000000002,-5.64544826719044));
#2268=CARTESIAN_POINT('',(1.15,-4.00000000000002,-2.82272413359522));
#2269=CARTESIAN_POINT('',(1.15,-2.50000000000002,-5.64544826719044));
#2270=CARTESIAN_POINT('',(1.15,-4.00000000000002,-5.64544826719044));
#2271=CARTESIAN_POINT('',(1.15,-2.50000000000002,-2.35455173280957));
#2272=CARTESIAN_POINT('Origin',(4.,-4.00000000000002,-7.29089653438087));
#2273=CARTESIAN_POINT('',(4.,-4.00000000000002,-7.29089653438087));
#2274=CARTESIAN_POINT('',(0.921474596215563,-4.00000000000002,-5.51350906379882));
#2275=CARTESIAN_POINT('',(4.,-2.50000000000002,-7.29089653438087));
#2276=CARTESIAN_POINT('',(4.,-4.00000000000002,-7.29089653438087));
#2277=CARTESIAN_POINT('',(1.15,-2.50000000000002,-5.64544826719044));
#2278=CARTESIAN_POINT('Origin',(6.85,-4.00000000000002,-5.64544826719043));
#2279=CARTESIAN_POINT('',(6.85,-4.00000000000002,-5.64544826719043));
#2280=CARTESIAN_POINT('',(5.50352540378444,-4.00000000000002,-6.42283573777248));
#2281=CARTESIAN_POINT('',(6.85,-2.50000000000002,-5.64544826719043));
#2282=CARTESIAN_POINT('',(6.85,-4.00000000000002,-5.64544826719043));
#2283=CARTESIAN_POINT('',(4.,-2.50000000000002,-7.29089653438087));
#2284=CARTESIAN_POINT('Origin',(6.85,-4.00000000000002,-2.35455173280957));
#2285=CARTESIAN_POINT('',(6.85,-4.00000000000002,-1.17727586640478));
#2286=CARTESIAN_POINT('',(6.85,-2.50000000000002,-5.64544826719043));
#2287=CARTESIAN_POINT('Origin',(4.,-2.50000000000002,-4.));
#2288=CARTESIAN_POINT('',(2.25,-2.50000000000002,-4.));
#2289=CARTESIAN_POINT('Origin',(4.,-2.50000000000002,-4.));
#2290=CARTESIAN_POINT('Origin',(7.5,13.75,-61.5));
#2291=CARTESIAN_POINT('',(8.,10.4806248474866,-61.5));
#2292=CARTESIAN_POINT('',(7.5,10.4806248474866,-62.));
#2293=CARTESIAN_POINT('Origin',(7.5,10.4806248474866,-61.5));
#2294=CARTESIAN_POINT('',(7.5,37.1850454237764,-62.));
#2295=CARTESIAN_POINT('',(7.5,13.75,-62.));
#2296=CARTESIAN_POINT('',(8.,37.1850454237764,-61.5));
#2297=CARTESIAN_POINT('Origin',(7.5,37.1850454237764,-61.5));
#2298=CARTESIAN_POINT('',(8.,13.75,-61.5));
#2299=CARTESIAN_POINT('Origin',(13.,37.1850454237764,-61.5));
#2300=CARTESIAN_POINT('',(10.25,41.9481851445908,-62.));
#2301=CARTESIAN_POINT('',(10.5,41.5151724426986,-61.5));
#2302=CARTESIAN_POINT('Origin',(10.25,41.9481851445908,-61.5));
#2303=CARTESIAN_POINT('Origin',(13.,37.1850454237764,-61.5));
#2304=CARTESIAN_POINT('Origin',(13.,37.1850454237764,-62.));
#2305=CARTESIAN_POINT('Origin',(1.20817610174841,36.72788568297,-61.5));
#2306=CARTESIAN_POINT('',(17.25,45.9896370289182,-62.));
#2307=CARTESIAN_POINT('',(17.5,45.5566243270259,-61.5));
#2308=CARTESIAN_POINT('Origin',(17.25,45.9896370289182,-61.5));
#2309=CARTESIAN_POINT('',(1.4581761017484,36.2948729810778,-61.5));
#2310=CARTESIAN_POINT('',(1.20817610174841,36.72788568297,-62.));
#2311=CARTESIAN_POINT('Origin',(15.,49.8867513459481,-61.5));
#2312=CARTESIAN_POINT('',(19.5,49.8867513459481,-62.));
#2313=CARTESIAN_POINT('',(20.,49.8867513459481,-61.5));
#2314=CARTESIAN_POINT('Origin',(19.5,49.8867513459481,-61.5));
#2315=CARTESIAN_POINT('Origin',(15.,49.8867513459481,-61.5));
#2316=CARTESIAN_POINT('Origin',(15.,49.8867513459481,-62.));
#2317=CARTESIAN_POINT('Origin',(19.5,31.5,-61.5));
#2318=CARTESIAN_POINT('',(19.5,62.,-62.));
#2319=CARTESIAN_POINT('',(20.,62.,-61.5));
#2320=CARTESIAN_POINT('Origin',(19.5,62.,-61.5));
#2321=CARTESIAN_POINT('',(20.,31.5,-61.5));
#2322=CARTESIAN_POINT('',(19.5,31.5,-62.));
#2323=CARTESIAN_POINT('Origin',(15.,62.,-61.4999999999997));
#2324=CARTESIAN_POINT('',(15.,66.5,-62.));
#2325=CARTESIAN_POINT('',(15.,67.,-61.4999999999997));
#2326=CARTESIAN_POINT('Origin',(15.,66.5,-61.4999999999997));
#2327=CARTESIAN_POINT('Origin',(15.,62.,-61.4999999999997));
#2328=CARTESIAN_POINT('Origin',(15.,62.,-62.));
#2329=CARTESIAN_POINT('Origin',(0.,66.5,-61.5));
#2330=CARTESIAN_POINT('',(5.,66.5,-62.));
#2331=CARTESIAN_POINT('',(5.,67.,-61.5));
#2332=CARTESIAN_POINT('Origin',(5.,66.5,-61.5));
#2333=CARTESIAN_POINT('',(0.,67.,-61.5));
#2334=CARTESIAN_POINT('',(0.,66.5,-62.));
#2335=CARTESIAN_POINT('Origin',(5.,62.,-61.4999999999997));
#2336=CARTESIAN_POINT('',(0.499999999999999,62.,-62.));
#2337=CARTESIAN_POINT('',(0.,62.,-61.4999999999997));
#2338=CARTESIAN_POINT('Origin',(0.499999999999999,62.,-61.4999999999997));
#2339=CARTESIAN_POINT('Origin',(5.,62.,-61.4999999999997));
#2340=CARTESIAN_POINT('Origin',(5.,62.,-62.));
#2341=CARTESIAN_POINT('Origin',(0.5,13.75,-61.5));
#2342=CARTESIAN_POINT('',(0.5,10.4806248474866,-62.));
#2343=CARTESIAN_POINT('',(0.,10.4806248474866,-61.5));
#2344=CARTESIAN_POINT('Origin',(0.5,10.4806248474866,-61.5));
#2345=CARTESIAN_POINT('',(0.,13.75,-61.5));
#2346=CARTESIAN_POINT('',(0.5,13.75,-62.));
#2347=CARTESIAN_POINT('Ctrl Pts',(0.,10.0901904427651,-61.3123475237772));
#2348=CARTESIAN_POINT('Ctrl Pts',(0.,10.2403124237433,-61.5));
#2349=CARTESIAN_POINT('Ctrl Pts',(0.,10.4806248474866,-61.5));
#2350=CARTESIAN_POINT('Ctrl Pts',(-2.21088316436993E-15,9.69975603804356,
-61.6246950475544));
#2351=CARTESIAN_POINT('Ctrl Pts',(-2.20513796426097E-15,10.,-62.));
#2352=CARTESIAN_POINT('Ctrl Pts',(-2.20513796426097E-15,10.4806248474866,
-62.));
#2353=CARTESIAN_POINT('Ctrl Pts',(0.5,9.69975603804356,-61.6246950475544));
#2354=CARTESIAN_POINT('Ctrl Pts',(0.5,10.,-62.));
#2355=CARTESIAN_POINT('Ctrl Pts',(0.5,10.4806248474866,-62.));
#2356=CARTESIAN_POINT('',(0.5,9.69975603804356,-61.6246950475544));
#2357=CARTESIAN_POINT('',(0.,10.0901904427651,-61.3123475237772));
#2358=CARTESIAN_POINT('Origin',(0.5,10.0901904427651,-61.3123475237772));
#2359=CARTESIAN_POINT('Origin',(0.,10.4806248474866,-61.));
#2360=CARTESIAN_POINT('Origin',(0.5,10.4806248474866,-61.));
#2361=CARTESIAN_POINT('Origin',(0.5,3.52458074618495,-53.1053354030521));
#2362=CARTESIAN_POINT('',(0.5,-2.90434404721515,-45.8695699409811));
#2363=CARTESIAN_POINT('',(0.,-2.51390964249363,-45.5572224172038));
#2364=CARTESIAN_POINT('Origin',(0.5,-2.51390964249363,-45.5572224172038));
#2365=CARTESIAN_POINT('',(0.,3.52458074618495,-53.1053354030521));
#2366=CARTESIAN_POINT('',(0.5,3.13414634146343,-53.4176829268293));
#2367=CARTESIAN_POINT('Origin',(0.5,1.,-42.7460947032089));
#2368=CARTESIAN_POINT('',(0.5,-4.,-42.7460947032089));
#2369=CARTESIAN_POINT('',(0.,-3.5,-42.7460947032089));
#2370=CARTESIAN_POINT('Origin',(0.5,-3.5,-42.7460947032089));
#2371=CARTESIAN_POINT('Origin',(0.,1.,-42.7460947032089));
#2372=CARTESIAN_POINT('Origin',(0.5,1.,-42.7460947032089));
#2373=CARTESIAN_POINT('Origin',(0.5,-3.50000000000002,-15.5));
#2374=CARTESIAN_POINT('',(0.5,-4.00000000000002,-4.));
#2375=CARTESIAN_POINT('',(0.,-3.50000000000002,-4.));
#2376=CARTESIAN_POINT('Origin',(0.5,-3.50000000000002,-4.));
#2377=CARTESIAN_POINT('',(0.,-3.50000000000002,-15.5));
#2378=CARTESIAN_POINT('',(0.5,-4.00000000000001,-15.5));
#2379=CARTESIAN_POINT('Origin',(4.,-3.50000000000002,-4.));
#2380=CARTESIAN_POINT('',(7.5,-4.00000000000002,-4.));
#2381=CARTESIAN_POINT('',(8.,-3.50000000000002,-4.));
#2382=CARTESIAN_POINT('Origin',(7.5,-3.50000000000002,-4.));
#2383=CARTESIAN_POINT('Origin',(4.,-3.50000000000002,-4.));
#2384=CARTESIAN_POINT('Origin',(4.,-4.00000000000002,-4.));
#2385=CARTESIAN_POINT('Origin',(7.5,-3.50000000000002,-15.5));
#2386=CARTESIAN_POINT('',(7.5,-4.,-42.7460947032089));
#2387=CARTESIAN_POINT('',(8.,-3.5,-42.7460947032089));
#2388=CARTESIAN_POINT('Origin',(7.5,-3.5,-42.7460947032089));
#2389=CARTESIAN_POINT('',(8.,-3.50000000000002,-15.5));
#2390=CARTESIAN_POINT('',(7.5,-4.00000000000001,-15.5));
#2391=CARTESIAN_POINT('Origin',(7.5,1.,-42.7460947032089));
#2392=CARTESIAN_POINT('',(7.5,-2.90434404721515,-45.8695699409811));
#2393=CARTESIAN_POINT('',(8.,-2.51390964249363,-45.5572224172038));
#2394=CARTESIAN_POINT('Origin',(7.5,-2.51390964249363,-45.5572224172038));
#2395=CARTESIAN_POINT('Origin',(8.,1.,-42.7460947032089));
#2396=CARTESIAN_POINT('Origin',(7.5,1.,-42.7460947032089));
#2397=CARTESIAN_POINT('Origin',(7.5,3.52458074618495,-53.1053354030521));
#2398=CARTESIAN_POINT('',(7.5,9.69975603804356,-61.6246950475544));
#2399=CARTESIAN_POINT('',(8.,10.0901904427651,-61.3123475237772));
#2400=CARTESIAN_POINT('Origin',(7.5,10.0901904427651,-61.3123475237772));
#2401=CARTESIAN_POINT('',(8.,3.52458074618495,-53.1053354030521));
#2402=CARTESIAN_POINT('',(7.5,3.13414634146343,-53.4176829268293));
#2403=CARTESIAN_POINT('Ctrl Pts',(8.,10.4806248474866,-61.5));
#2404=CARTESIAN_POINT('Ctrl Pts',(8.,10.2403124237433,-61.5));
#2405=CARTESIAN_POINT('Ctrl Pts',(8.,10.0901904427651,-61.3123475237772));
#2406=CARTESIAN_POINT('Ctrl Pts',(8.,10.4806248474866,-62.));
#2407=CARTESIAN_POINT('Ctrl Pts',(8.,10.,-62.));
#2408=CARTESIAN_POINT('Ctrl Pts',(8.,9.69975603804357,-61.6246950475544));
#2409=CARTESIAN_POINT('Ctrl Pts',(7.5,10.4806248474866,-62.));
#2410=CARTESIAN_POINT('Ctrl Pts',(7.5,10.,-62.));
#2411=CARTESIAN_POINT('Ctrl Pts',(7.5,9.69975603804357,-61.6246950475544));
#2412=CARTESIAN_POINT('Origin',(7.5,10.4806248474866,-61.));
#2413=CARTESIAN_POINT('Origin',(8.,10.4806248474866,-61.));
#2414=CARTESIAN_POINT('Origin',(0.,31.5,-31.));
#2415=CARTESIAN_POINT('',(0.,-0.50000000000002,-4.));
#2416=CARTESIAN_POINT('',(0.,15.75,-3.99999999999999));
#2417=CARTESIAN_POINT('',(0.,-0.499999999999992,-41.2460947032089));
#2418=CARTESIAN_POINT('',(0.,-0.499999999999992,-44.5));
#2419=CARTESIAN_POINT('',(0.,0.705221548063341,-44.6819174647582));
#2420=CARTESIAN_POINT('Origin',(0.,5.00000000000001,-41.2460947032089));
#2421=CARTESIAN_POINT('',(0.,10.1083457854962,-56.4358227615493));
#2422=CARTESIAN_POINT('',(0.,5.82907779040045,-51.0867377676797));
#2423=CARTESIAN_POINT('',(0.,14.4031242374329,-58.5));
#2424=CARTESIAN_POINT('Origin',(0.,14.4031242374329,-53.));
#2425=CARTESIAN_POINT('',(0.,62.,-58.5));
#2426=CARTESIAN_POINT('',(0.,49.25,-58.5));
#2427=CARTESIAN_POINT('',(0.,62.,-46.4999999999999));
#2428=CARTESIAN_POINT('Origin',(4.,15.75,-3.99999999999999));
#2429=CARTESIAN_POINT('',(8.,-0.50000000000002,-4.));
#2430=CARTESIAN_POINT('',(8.,15.75,-3.99999999999999));
#2431=CARTESIAN_POINT('Origin',(4.,-0.50000000000002,-4.));
#2432=CARTESIAN_POINT('Origin',(8.,31.5,-31.));
#2433=CARTESIAN_POINT('',(8.,37.1850454237764,-58.5));
#2434=CARTESIAN_POINT('',(8.,37.1850454237764,-44.5));
#2435=CARTESIAN_POINT('',(8.,14.4031242374329,-58.5));
#2436=CARTESIAN_POINT('',(8.,49.25,-58.5));
#2437=CARTESIAN_POINT('',(8.,10.1083457854962,-56.4358227615493));
#2438=CARTESIAN_POINT('Origin',(8.,14.4031242374329,-53.));
#2439=CARTESIAN_POINT('',(8.,0.705221548063335,-44.6819174647583));
#2440=CARTESIAN_POINT('',(8.,5.82907779040045,-51.0867377676797));
#2441=CARTESIAN_POINT('',(8.,-0.499999999999993,-41.2460947032089));
#2442=CARTESIAN_POINT('Origin',(8.,5.00000000000001,-41.2460947032089));
#2443=CARTESIAN_POINT('',(8.,-0.499999999999994,-44.5));
#2444=CARTESIAN_POINT('Origin',(0.,-3.99999999999999,-62.));
#2445=CARTESIAN_POINT('',(0.,10.4806248474866,-62.));
#2446=CARTESIAN_POINT('',(6.75,52.,-62.));
#2447=CARTESIAN_POINT('',(6.75,62.,-62.));
#2448=CARTESIAN_POINT('',(6.75,29.,-62.));
#2449=CARTESIAN_POINT('',(3.25,62.,-62.));
#2450=CARTESIAN_POINT('Origin',(5.,62.,-62.));
#2451=CARTESIAN_POINT('',(3.25,52.,-62.));
#2452=CARTESIAN_POINT('',(3.25,24.,-62.));
#2453=CARTESIAN_POINT('Origin',(5.,52.,-62.));
#2454=CARTESIAN_POINT('',(16.75,52.,-62.));
#2455=CARTESIAN_POINT('',(16.75,62.,-62.));
#2456=CARTESIAN_POINT('',(16.75,29.,-62.));
#2457=CARTESIAN_POINT('',(13.25,62.,-62.));
#2458=CARTESIAN_POINT('Origin',(15.,62.,-62.));
#2459=CARTESIAN_POINT('',(13.25,52.,-62.));
#2460=CARTESIAN_POINT('',(13.25,24.,-62.));
#2461=CARTESIAN_POINT('Origin',(15.,52.,-62.));
#2462=CARTESIAN_POINT('Origin',(4.,-0.50000000000002,-4.));
#2463=CARTESIAN_POINT('',(7.5,6.24500451351651E-16,-4.));
#2464=CARTESIAN_POINT('Origin',(7.5,-0.50000000000002,-4.));
#2465=CARTESIAN_POINT('',(0.5,6.24500451351651E-16,-4.));
#2466=CARTESIAN_POINT('Origin',(4.,6.24500451351651E-16,-4.));
#2467=CARTESIAN_POINT('Origin',(0.5,-0.50000000000002,-4.));
#2468=CARTESIAN_POINT('Origin',(0.5,-0.499999999999992,-44.5));
#2469=CARTESIAN_POINT('',(0.5,6.66133814775094E-15,-41.2460947032089));
#2470=CARTESIAN_POINT('Origin',(0.5,-0.499999999999992,-41.2460947032089));
#2471=CARTESIAN_POINT('',(0.5,6.80011602582908E-15,-44.5));
#2472=CARTESIAN_POINT('Origin',(0.5,5.00000000000001,-41.2460947032089));
#2473=CARTESIAN_POINT('',(0.5,1.09565595278485,-44.369569940981));
#2474=CARTESIAN_POINT('Origin',(0.5,0.705221548063341,-44.6819174647582));
#2475=CARTESIAN_POINT('Origin',(0.5,5.00000000000001,-41.2460947032089));
#2476=CARTESIAN_POINT('Origin',(0.5,5.82907779040045,-51.0867377676797));
#2477=CARTESIAN_POINT('',(0.5,10.4987801902177,-56.1234752377721));
#2478=CARTESIAN_POINT('Origin',(0.5,10.1083457854962,-56.4358227615493));
#2479=CARTESIAN_POINT('',(0.5,6.21951219512197,-50.7743902439024));
#2480=CARTESIAN_POINT('Origin',(0.5,14.4031242374329,-53.));
#2481=CARTESIAN_POINT('',(0.5,14.4031242374329,-58.));
#2482=CARTESIAN_POINT('Origin',(0.5,14.4031242374329,-58.5));
#2483=CARTESIAN_POINT('Origin',(0.5,14.4031242374329,-53.));
#2484=CARTESIAN_POINT('Origin',(0.5,49.25,-58.5));
#2485=CARTESIAN_POINT('',(0.5,62.,-58.));
#2486=CARTESIAN_POINT('Origin',(0.5,62.,-58.5));
#2487=CARTESIAN_POINT('',(0.5,49.25,-58.));
#2488=CARTESIAN_POINT('Origin',(5.,62.,-58.5));
#2489=CARTESIAN_POINT('',(5.,66.5,-58.));
#2490=CARTESIAN_POINT('',(5.,67.,-58.5));
#2491=CARTESIAN_POINT('Origin',(5.,66.5,-58.5));
#2492=CARTESIAN_POINT('Origin',(5.,62.,-58.5));
#2493=CARTESIAN_POINT('Origin',(5.,62.,-58.));
#2494=CARTESIAN_POINT('Origin',(0.,66.5,-58.5));
#2495=CARTESIAN_POINT('',(15.,66.5,-58.));
#2496=CARTESIAN_POINT('',(15.,67.,-58.5));
#2497=CARTESIAN_POINT('Origin',(15.,66.5,-58.5));
#2498=CARTESIAN_POINT('',(0.,67.,-58.5));
#2499=CARTESIAN_POINT('',(0.,66.5,-58.));
#2500=CARTESIAN_POINT('Origin',(15.,62.,-58.5));
#2501=CARTESIAN_POINT('',(19.5,62.,-58.));
#2502=CARTESIAN_POINT('',(20.,62.,-58.5));
#2503=CARTESIAN_POINT('Origin',(19.5,62.,-58.5));
#2504=CARTESIAN_POINT('Origin',(15.,62.,-58.5));
#2505=CARTESIAN_POINT('Origin',(15.,62.,-58.));
#2506=CARTESIAN_POINT('Origin',(19.5,67.,-58.5));
#2507=CARTESIAN_POINT('',(19.5,49.8867513459481,-58.));
#2508=CARTESIAN_POINT('',(20.,49.8867513459481,-58.5));
#2509=CARTESIAN_POINT('Origin',(19.5,49.8867513459481,-58.5));
#2510=CARTESIAN_POINT('',(20.,67.,-58.5));
#2511=CARTESIAN_POINT('',(19.5,67.,-58.));
#2512=CARTESIAN_POINT('Origin',(15.,49.8867513459481,-58.5));
#2513=CARTESIAN_POINT('',(17.25,45.9896370289182,-58.));
#2514=CARTESIAN_POINT('',(17.5,45.5566243270259,-58.5));
#2515=CARTESIAN_POINT('Origin',(17.25,45.9896370289182,-58.5));
#2516=CARTESIAN_POINT('Origin',(15.,49.8867513459481,-58.5));
#2517=CARTESIAN_POINT('Origin',(15.,49.8867513459481,-58.));
#2518=CARTESIAN_POINT('Origin',(16.5801270189222,45.60288568297,-58.5));
#2519=CARTESIAN_POINT('',(10.25,41.9481851445908,-58.));
#2520=CARTESIAN_POINT('',(10.5,41.5151724426986,-58.5));
#2521=CARTESIAN_POINT('Origin',(10.25,41.9481851445908,-58.5));
#2522=CARTESIAN_POINT('',(16.8301270189222,45.1698729810778,-58.5));
#2523=CARTESIAN_POINT('',(16.5801270189222,45.60288568297,-58.));
#2524=CARTESIAN_POINT('Origin',(13.,37.1850454237764,-58.5));
#2525=CARTESIAN_POINT('',(7.5,37.1850454237764,-58.));
#2526=CARTESIAN_POINT('Origin',(7.5,37.1850454237764,-58.5));
#2527=CARTESIAN_POINT('Origin',(13.,37.1850454237764,-58.5));
#2528=CARTESIAN_POINT('Origin',(13.,37.1850454237764,-58.));
#2529=CARTESIAN_POINT('Origin',(7.5,49.25,-58.5));
#2530=CARTESIAN_POINT('',(7.5,14.4031242374329,-58.));
#2531=CARTESIAN_POINT('Origin',(7.5,14.4031242374329,-58.5));
#2532=CARTESIAN_POINT('',(7.5,49.25,-58.));
#2533=CARTESIAN_POINT('Origin',(7.5,14.4031242374329,-53.));
#2534=CARTESIAN_POINT('',(7.5,10.4987801902177,-56.1234752377721));
#2535=CARTESIAN_POINT('Origin',(7.5,10.1083457854962,-56.4358227615493));
#2536=CARTESIAN_POINT('Origin',(7.5,14.4031242374329,-53.));
#2537=CARTESIAN_POINT('Origin',(7.5,5.82907779040045,-51.0867377676797));
#2538=CARTESIAN_POINT('',(7.5,1.09565595278485,-44.369569940981));
#2539=CARTESIAN_POINT('Origin',(7.5,0.705221548063335,-44.6819174647583));
#2540=CARTESIAN_POINT('',(7.5,6.21951219512197,-50.7743902439024));
#2541=CARTESIAN_POINT('Origin',(7.5,5.00000000000001,-41.2460947032089));
#2542=CARTESIAN_POINT('',(7.5,6.66133814775094E-15,-41.2460947032089));
#2543=CARTESIAN_POINT('Origin',(7.5,-0.499999999999993,-41.2460947032089));
#2544=CARTESIAN_POINT('Origin',(7.5,5.00000000000001,-41.2460947032089));
#2545=CARTESIAN_POINT('Origin',(7.5,-0.499999999999994,-44.5));
#2546=CARTESIAN_POINT('',(7.5,6.80011602582908E-15,-44.5));
#2547=CARTESIAN_POINT('Origin',(0.,14.4031242374329,-53.));
#2548=CARTESIAN_POINT('',(0.,10.4987801902177,-56.1234752377721));
#2549=CARTESIAN_POINT('',(0.,14.4031242374329,-58.));
#2550=CARTESIAN_POINT('Origin',(0.,6.00000000000001,-50.5));
#2551=CARTESIAN_POINT('',(0.,1.09565595278485,-44.369569940981));
#2552=CARTESIAN_POINT('Origin',(0.,5.00000000000001,-41.2460947032089));
#2553=CARTESIAN_POINT('',(0.,6.66133814775094E-15,-41.2460947032089));
#2554=CARTESIAN_POINT('Origin',(0.,8.88178419700121E-15,-58.));
#2555=CARTESIAN_POINT('',(2.25,-1.05439284378908E-15,-4.));
#2556=CARTESIAN_POINT('Origin',(4.,-1.11022302462511E-15,-4.));
#2557=CARTESIAN_POINT('',(2.25,9.14976906501418E-15,-16.));
#2558=CARTESIAN_POINT('Origin',(4.,8.88178419700121E-15,-16.));
#2559=CARTESIAN_POINT('Origin',(15.,49.8867513459481,-58.));
#2560=CARTESIAN_POINT('',(20.,49.8867513459481,-58.));
#2561=CARTESIAN_POINT('',(17.5,45.5566243270259,-58.));
#2562=CARTESIAN_POINT('Origin',(20.,47.,-58.));
#2563=CARTESIAN_POINT('',(10.5,41.5151724426986,-44.5));
#2564=CARTESIAN_POINT('Origin',(13.,37.1850454237764,-44.5));
#2565=CARTESIAN_POINT('Origin',(5.,62.,-46.4999999999999));
#2566=CARTESIAN_POINT('',(5.,67.,-46.4999999999999));
#2567=CARTESIAN_POINT('Origin',(0.,67.,-62.));
#2568=CARTESIAN_POINT('',(15.,67.,-60.));
#2569=CARTESIAN_POINT('Origin',(0.,67.,-58.));
#2570=CARTESIAN_POINT('',(8.,62.,-58.));
#2571=CARTESIAN_POINT('',(8.,52.,-58.));
#2572=CARTESIAN_POINT('',(8.,64.5,-58.));
#2573=CARTESIAN_POINT('',(2.,52.,-58.));
#2574=CARTESIAN_POINT('Origin',(5.,52.,-58.));
#2575=CARTESIAN_POINT('',(2.,62.,-58.));
#2576=CARTESIAN_POINT('',(2.,59.5,-58.));
#2577=CARTESIAN_POINT('Origin',(5.,62.,-58.));
#2578=CARTESIAN_POINT('',(18.,62.,-58.));
#2579=CARTESIAN_POINT('',(18.,52.,-58.));
#2580=CARTESIAN_POINT('',(18.,64.5,-58.));
#2581=CARTESIAN_POINT('',(12.,52.,-58.));
#2582=CARTESIAN_POINT('Origin',(15.,52.,-58.));
#2583=CARTESIAN_POINT('',(12.,62.,-58.));
#2584=CARTESIAN_POINT('',(12.,59.5,-58.));
#2585=CARTESIAN_POINT('Origin',(15.,62.,-58.));
#2586=CARTESIAN_POINT('Origin',(15.,62.,-60.));
#2587=CARTESIAN_POINT('',(20.,62.,-60.));
#2588=CARTESIAN_POINT('Origin',(20.,67.,-58.));
#2589=CARTESIAN_POINT('Origin',(4.,2.45014736468999E-15,-16.));
#2590=CARTESIAN_POINT('',(2.25,2.45014736468999E-15,-16.));
#2591=CARTESIAN_POINT('Origin',(4.,6.12536841172497E-16,-4.));
#2592=CARTESIAN_POINT('',(2.25,6.12536841172497E-16,-4.));
#2593=CARTESIAN_POINT('Origin',(13.25,52.,-59.5));
#2594=CARTESIAN_POINT('',(13.25,62.,-59.5));
#2595=CARTESIAN_POINT('',(13.25,62.,-59.5));
#2596=CARTESIAN_POINT('',(13.25,52.,-59.5));
#2597=CARTESIAN_POINT('',(13.25,54.5,-59.5));
#2598=CARTESIAN_POINT('',(13.25,52.,-59.5));
#2599=CARTESIAN_POINT('Origin',(15.,52.,-59.5));
#2600=CARTESIAN_POINT('',(16.75,52.,-59.5));
#2601=CARTESIAN_POINT('Origin',(15.,52.,-59.5));
#2602=CARTESIAN_POINT('',(16.75,52.,-59.5));
#2603=CARTESIAN_POINT('Origin',(16.75,62.,-59.5));
#2604=CARTESIAN_POINT('',(16.75,62.,-59.5));
#2605=CARTESIAN_POINT('',(16.75,59.5,-59.5));
#2606=CARTESIAN_POINT('',(16.75,62.,-59.5));
#2607=CARTESIAN_POINT('Origin',(15.,62.,-59.5));
#2608=CARTESIAN_POINT('Origin',(15.,62.,-59.5));
#2609=CARTESIAN_POINT('Origin',(3.25,52.,-59.5));
#2610=CARTESIAN_POINT('',(3.25,62.,-59.5));
#2611=CARTESIAN_POINT('',(3.25,62.,-59.5));
#2612=CARTESIAN_POINT('',(3.25,52.,-59.5));
#2613=CARTESIAN_POINT('',(3.25,54.5,-59.5));
#2614=CARTESIAN_POINT('',(3.25,52.,-59.5));
#2615=CARTESIAN_POINT('Origin',(5.,52.,-59.5));
#2616=CARTESIAN_POINT('',(6.75,52.,-59.5));
#2617=CARTESIAN_POINT('Origin',(5.,52.,-59.5));
#2618=CARTESIAN_POINT('',(6.75,52.,-59.5));
#2619=CARTESIAN_POINT('Origin',(6.75,62.,-59.5));
#2620=CARTESIAN_POINT('',(6.75,62.,-59.5));
#2621=CARTESIAN_POINT('',(6.75,59.5,-59.5));
#2622=CARTESIAN_POINT('',(6.75,62.,-59.5));
#2623=CARTESIAN_POINT('Origin',(5.,62.,-59.5));
#2624=CARTESIAN_POINT('Origin',(5.,62.,-59.5));
#2625=CARTESIAN_POINT('Origin',(18.,62.,-58.));
#2626=CARTESIAN_POINT('',(18.,62.,-59.5));
#2627=CARTESIAN_POINT('',(18.,62.,-58.));
#2628=CARTESIAN_POINT('',(18.,52.,-59.5));
#2629=CARTESIAN_POINT('',(18.,52.,-59.5));
#2630=CARTESIAN_POINT('',(18.,52.,-58.));
#2631=CARTESIAN_POINT('Origin',(15.,62.,-58.));
#2632=CARTESIAN_POINT('',(12.,62.,-59.5));
#2633=CARTESIAN_POINT('',(12.,62.,-58.));
#2634=CARTESIAN_POINT('Origin',(15.,62.,-59.5));
#2635=CARTESIAN_POINT('Origin',(12.,52.,-58.));
#2636=CARTESIAN_POINT('',(12.,52.,-59.5));
#2637=CARTESIAN_POINT('',(12.,52.,-58.));
#2638=CARTESIAN_POINT('',(12.,62.,-59.5));
#2639=CARTESIAN_POINT('Origin',(15.,52.,-58.));
#2640=CARTESIAN_POINT('Origin',(15.,52.,-59.5));
#2641=CARTESIAN_POINT('Origin',(15.,57.,-59.5));
#2642=CARTESIAN_POINT('Origin',(8.,62.,-58.));
#2643=CARTESIAN_POINT('',(8.,62.,-59.5));
#2644=CARTESIAN_POINT('',(8.,62.,-58.));
#2645=CARTESIAN_POINT('',(8.,52.,-59.5));
#2646=CARTESIAN_POINT('',(8.,52.,-59.5));
#2647=CARTESIAN_POINT('',(8.,52.,-58.));
#2648=CARTESIAN_POINT('Origin',(5.,62.,-58.));
#2649=CARTESIAN_POINT('',(2.,62.,-59.5));
#2650=CARTESIAN_POINT('',(2.,62.,-58.));
#2651=CARTESIAN_POINT('Origin',(5.,62.,-59.5));
#2652=CARTESIAN_POINT('Origin',(2.,52.,-58.));
#2653=CARTESIAN_POINT('',(2.,52.,-59.5));
#2654=CARTESIAN_POINT('',(2.,52.,-58.));
#2655=CARTESIAN_POINT('',(2.,62.,-59.5));
#2656=CARTESIAN_POINT('Origin',(5.,52.,-58.));
#2657=CARTESIAN_POINT('Origin',(5.,52.,-59.5));
#2658=CARTESIAN_POINT('Origin',(5.,57.,-59.5));
#2659=CARTESIAN_POINT('Origin',(0.,10.4806248474866,-61.));
#2660=CARTESIAN_POINT('',(0.,9.69975603804356,-61.6246950475544));
#2661=CARTESIAN_POINT('Origin',(0.,3.00000000000001,-53.25));
#2662=CARTESIAN_POINT('',(0.,-2.90434404721515,-45.8695699409811));
#2663=CARTESIAN_POINT('Origin',(0.,1.,-42.7460947032089));
#2664=CARTESIAN_POINT('',(0.,-4.,-42.7460947032089));
#2665=CARTESIAN_POINT('Origin',(0.,-4.00000000000002,-2.20436423846525E-15));
#2666=CARTESIAN_POINT('',(0.,1.77635683940025E-14,-58.));
#2667=UNCERTAINTY_MEASURE_WITH_UNIT(LENGTH_MEASURE(0.01),#2671,
'DISTANCE_ACCURACY_VALUE',
'Maximum model space distance between geometric entities at asserted c
onnectivities');
#2668=UNCERTAINTY_MEASURE_WITH_UNIT(LENGTH_MEASURE(0.01),#2671,
'DISTANCE_ACCURACY_VALUE',
'Maximum model space distance between geometric entities at asserted c
onnectivities');
#2669=(
GEOMETRIC_REPRESENTATION_CONTEXT(3)
GLOBAL_UNCERTAINTY_ASSIGNED_CONTEXT((#2667))
GLOBAL_UNIT_ASSIGNED_CONTEXT((#2671,#2673,#2674))
REPRESENTATION_CONTEXT('','3D')
);
#2670=(
GEOMETRIC_REPRESENTATION_CONTEXT(3)
GLOBAL_UNCERTAINTY_ASSIGNED_CONTEXT((#2668))
GLOBAL_UNIT_ASSIGNED_CONTEXT((#2671,#2673,#2674))
REPRESENTATION_CONTEXT('','3D')
);
#2671=(
LENGTH_UNIT()
NAMED_UNIT(*)
SI_UNIT(.MILLI.,.METRE.)
);
#2672=(
LENGTH_UNIT()
NAMED_UNIT(*)
SI_UNIT(.CENTI.,.METRE.)
);
#2673=(
NAMED_UNIT(*)
PLANE_ANGLE_UNIT()
SI_UNIT($,.RADIAN.)
);
#2674=(
NAMED_UNIT(*)
SI_UNIT($,.STERADIAN.)
SOLID_ANGLE_UNIT()
);
#2675=SHAPE_DEFINITION_REPRESENTATION(#2676,#2677);
#2676=PRODUCT_DEFINITION_SHAPE('',$,#2679);
#2677=SHAPE_REPRESENTATION('',(#1544),#2669);
#2678=PRODUCT_DEFINITION_CONTEXT('part definition',#2683,'design');
#2679=PRODUCT_DEFINITION('nozzlecleaner','nozzlecleaner',#2680,#2678);
#2680=PRODUCT_DEFINITION_FORMATION('',$,#2685);
#2681=PRODUCT_RELATED_PRODUCT_CATEGORY('nozzlecleaner','nozzlecleaner',
(#2685));
#2682=APPLICATION_PROTOCOL_DEFINITION('international standard',
'automotive_design',2009,#2683);
#2683=APPLICATION_CONTEXT(
'Core Data for Automotive Mechanical Design Process');
#2684=PRODUCT_CONTEXT('part definition',#2683,'mechanical');
#2685=PRODUCT('nozzlecleaner','nozzlecleaner',$,(#2684));
#2686=PRESENTATION_STYLE_ASSIGNMENT((#2688));
#2687=PRESENTATION_STYLE_ASSIGNMENT((#2689));
#2688=SURFACE_STYLE_USAGE(.BOTH.,#2692);
#2689=SURFACE_STYLE_USAGE(.BOTH.,#2693);
#2690=SURFACE_STYLE_RENDERING_WITH_PROPERTIES($,#2700,(#2691));
#2691=SURFACE_STYLE_TRANSPARENT(0.);
#2692=SURFACE_SIDE_STYLE('',(#2694,#2690));
#2693=SURFACE_SIDE_STYLE('',(#2695));
#2694=SURFACE_STYLE_FILL_AREA(#2696);
#2695=SURFACE_STYLE_FILL_AREA(#2697);
#2696=FILL_AREA_STYLE('',(#2698));
#2697=FILL_AREA_STYLE('',(#2699));
#2698=FILL_AREA_STYLE_COLOUR('',#2700);
#2699=FILL_AREA_STYLE_COLOUR('',#2701);
#2700=COLOUR_RGB('',0.749019607843137,0.749019607843137,0.749019607843137);
#2701=COLOUR_RGB('',1.,1.,0.);
ENDSEC;
END-ISO-10303-21;
